"[0, 1]"
"[0, 2]"
"[0, 3]"
"[0, 4]"
"[0, 5]"
"[0, 6]"
"[0, 7]"
"[0, 8]"
"[0, 8, 9]"
"[0, 17, 10]"
"[0, 3, 11]"
"[0, 7, 12]"
"[0, 34, 10, 13]"
"[0, 34, 19, 14]"
"[0, 8, 15]"
"[0, 30, 16]"
"[0, 17]"
"[0, 18]"
"[0, 17, 19]"
"[0, 23, 20]"
"[0, 23, 21]"
"[0, 22]"
"[0, 23]"
"[0, 24]"
"[0, 24, 25]"
"[0, 40, 26]"
"[0, 27]"
"[0, 28]"
"[0, 29]"
"[0, 30]"
"[0, 31]"
"[0, 31, 32]"
"[0, 33]"
"[0, 34]"
"[0, 35]"
"[0, 36]"
"[0, 37]"
"[0, 38]"
"[0, 40, 39]"
"[0, 40]"
"[0, 3, 44, 41]"
"[0, 3, 47, 42]"
"[0, 2, 3, 43]"
"[0, 3, 44]"
"[0, 3, 47, 45]"
"[0, 35, 46]"
"[0, 3, 47]"
"[0, 7, 48]"
"[0, 7, 49]"
"[0, 35, 50]"
"[0, 17, 51]"
"[0, 3, 52]"
"[0, 35, 76, 53]"
"[0, 34, 10, 54]"
"[0, 34, 60, 55]"
"[0, 34, 50, 56]"
"[0, 34, 50, 57]"
"[0, 17, 58]"
"[0, 17, 58, 59]"
"[0, 17, 60]"
"[0, 23, 61]"
"[0, 23, 62]"
"[0, 23, 63]"
"[0, 23, 64]"
"[0, 82, 64, 65]"
"[0, 82, 80, 66]"
"[0, 82, 81, 67]"
"[0, 38, 81, 68]"
"[0, 82, 70, 69]"
"[0, 82, 70]"
"[0, 82, 70, 71]"
"[0, 82, 72]"
"[0, 82, 72, 73]"
"[0, 38, 77, 74]"
"[0, 34, 75]"
"[0, 35, 76]"
"[0, 38, 77]"
"[0, 38, 78]"
"[0, 38, 79]"
"[0, 82, 80]"
"[0, 82, 81]"
"[0, 82]"
"[1, 0]"
"[1, 0, 2]"
"[1, 0, 3]"
"[1, 4]"
"[1, 5]"
"[1, 6]"
"[1, 7]"
"[1, 7, 8]"
"[1, 5, 9]"
"[1, 17, 10]"
"[1, 0, 3, 11]"
"[1, 7, 12]"
"[1, 34, 10, 13]"
"[1, 34, 19, 14]"
"[1, 5, 15]"
"[1, 18, 16]"
"[1, 17]"
"[1, 18]"
"[1, 17, 19]"
"[1, 23, 20]"
"[1, 23, 21]"
"[1, 22]"
"[1, 23]"
"[1, 24]"
"[1, 24, 25]"
"[1, 37, 40, 26]"
"[1, 36, 40, 27]"
"[1, 24, 28]"
"[1, 24, 28, 29]"
"[1, 24, 28, 29, 30]"
"[1, 33, 31]"
"[1, 33, 32]"
"[1, 33]"
"[1, 34]"
"[1, 35]"
"[1, 36]"
"[1, 37]"
"[1, 35, 38]"
"[1, 37, 39]"
"[1, 37, 40]"
"[1, 47, 41]"
"[1, 47, 42]"
"[1, 47, 43]"
"[1, 0, 3, 44]"
"[1, 47, 45]"
"[1, 47, 46]"
"[1, 47]"
"[1, 48]"
"[1, 48, 49]"
"[1, 48, 50]"
"[1, 17, 51]"
"[1, 47, 44, 52]"
"[1, 48, 53]"
"[1, 34, 10, 54]"
"[1, 34, 60, 55]"
"[1, 48, 56]"
"[1, 34, 50, 57]"
"[1, 17, 58]"
"[1, 17, 58, 59]"
"[1, 17, 60]"
"[1, 23, 61]"
"[1, 23, 62]"
"[1, 23, 63]"
"[1, 23, 64]"
"[1, 82, 64, 65]"
"[1, 82, 80, 66]"
"[1, 82, 81, 67]"
"[1, 82, 81, 68]"
"[1, 82, 70, 69]"
"[1, 82, 70]"
"[1, 82, 70, 71]"
"[1, 82, 72]"
"[1, 82, 72, 73]"
"[1, 35, 77, 74]"
"[1, 34, 75]"
"[1, 35, 76]"
"[1, 35, 77]"
"[1, 34, 77, 78]"
"[1, 35, 79]"
"[1, 82, 80]"
"[1, 82, 81]"
"[1, 82]"
"[2, 0]"
"[2, 0, 1]"
"[2, 3]"
"[2, 6, 4]"
"[2, 33, 5]"
"[2, 6]"
"[2, 7]"
"[2, 7, 8]"
"[2, 33, 9]"
"[2, 34, 10]"
"[2, 3, 11]"
"[2, 7, 12]"
"[2, 34, 10, 13]"
"[2, 34, 19, 14]"
"[2, 33, 15]"
"[2, 28, 15, 16]"
"[2, 34, 17]"
"[2, 28, 18]"
"[2, 34, 19]"
"[2, 34, 20]"
"[2, 28, 22, 21]"
"[2, 28, 22]"
"[2, 28, 22, 23]"
"[2, 28, 24]"
"[2, 28, 25]"
"[2, 37, 40, 26]"
"[2, 36, 40, 27]"
"[2, 28]"
"[2, 28, 29]"
"[2, 28, 29, 30]"
"[2, 33, 31]"
"[2, 33, 32]"
"[2, 33]"
"[2, 34]"
"[2, 35]"
"[2, 36]"
"[2, 37]"
"[2, 35, 38]"
"[2, 37, 39]"
"[2, 37, 40]"
"[2, 3, 44, 41]"
"[2, 3, 47, 42]"
"[2, 3, 43]"
"[2, 3, 44]"
"[2, 3, 47, 45]"
"[2, 35, 46]"
"[2, 3, 47]"
"[2, 7, 48]"
"[2, 7, 49]"
"[2, 35, 50]"
"[2, 34, 10, 51]"
"[2, 3, 52]"
"[2, 35, 76, 53]"
"[2, 34, 10, 54]"
"[2, 34, 60, 55]"
"[2, 34, 50, 56]"
"[2, 34, 50, 57]"
"[2, 34, 58]"
"[2, 34, 58, 59]"
"[2, 34, 60]"
"[2, 34, 20, 61]"
"[2, 34, 20, 62]"
"[2, 34, 20, 63]"
"[2, 34, 21, 64]"
"[2, 34, 82, 64, 65]"
"[2, 34, 82, 80, 66]"
"[2, 34, 77, 81, 67]"
"[2, 3, 79, 81, 68]"
"[2, 34, 75, 69]"
"[2, 34, 77, 70]"
"[2, 34, 75, 69, 71]"
"[2, 34, 77, 72]"
"[2, 34, 77, 72, 73]"
"[2, 35, 77, 74]"
"[2, 34, 75]"
"[2, 35, 76]"
"[2, 35, 77]"
"[2, 34, 77, 78]"
"[2, 35, 79]"
"[2, 34, 75, 80]"
"[2, 34, 77, 81]"
"[2, 34, 82]"
"[3, 0]"
"[3, 0, 1]"
"[3, 2]"
"[3, 6, 4]"
"[3, 36, 5]"
"[3, 6]"
"[3, 7]"
"[3, 7, 8]"
"[3, 13, 9]"
"[3, 13, 10]"
"[3, 11]"
"[3, 12]"
"[3, 13]"
"[3, 19, 14]"
"[3, 13, 15]"
"[3, 19, 14, 13, 15, 16]"
"[3, 19, 17]"
"[3, 19, 17, 18]"
"[3, 19]"
"[3, 19, 20]"
"[3, 19, 21]"
"[3, 19, 22]"
"[3, 19, 23]"
"[3, 28, 24]"
"[3, 28, 25]"
"[3, 37, 40, 26]"
"[3, 36, 40, 27]"
"[3, 28]"
"[3, 28, 29]"
"[3, 28, 29, 30]"
"[3, 36, 31]"
"[3, 36, 32]"
"[3, 36, 33]"
"[3, 34]"
"[3, 35]"
"[3, 36]"
"[3, 37]"
"[3, 38]"
"[3, 37, 39]"
"[3, 37, 40]"
"[3, 44, 41]"
"[3, 47, 42]"
"[3, 43]"
"[3, 44]"
"[3, 47, 45]"
"[3, 47, 46]"
"[3, 47]"
"[3, 48]"
"[3, 48, 49]"
"[3, 76, 50]"
"[3, 13, 51]"
"[3, 52]"
"[3, 12, 53]"
"[3, 13, 54]"
"[3, 19, 55]"
"[3, 13, 56]"
"[3, 13, 56, 57]"
"[3, 19, 58]"
"[3, 19, 58, 59]"
"[3, 19, 60]"
"[3, 19, 61]"
"[3, 19, 62]"
"[3, 19, 63]"
"[3, 19, 64]"
"[3, 34, 82, 64, 65]"
"[3, 34, 82, 80, 66]"
"[3, 79, 81, 67]"
"[3, 79, 81, 68]"
"[3, 34, 75, 69]"
"[3, 76, 80, 70]"
"[3, 34, 75, 69, 71]"
"[3, 76, 77, 72]"
"[3, 76, 80, 72, 73]"
"[3, 76, 77, 74]"
"[3, 34, 75]"
"[3, 76]"
"[3, 76, 77]"
"[3, 76, 78]"
"[3, 79]"
"[3, 79, 80]"
"[3, 79, 81]"
"[3, 34, 82]"
"[4, 0]"
"[4, 1]"
"[4, 0, 2]"
"[4, 0, 3]"
"[4, 5]"
"[4, 6]"
"[4, 7]"
"[4, 8]"
"[4, 8, 9]"
"[4, 17, 10]"
"[4, 0, 3, 11]"
"[4, 7, 12]"
"[4, 34, 10, 13]"
"[4, 34, 19, 14]"
"[4, 8, 15]"
"[4, 30, 16]"
"[4, 17]"
"[4, 18]"
"[4, 17, 19]"
"[4, 21, 20]"
"[4, 21]"
"[4, 22]"
"[4, 23]"
"[4, 24]"
"[4, 24, 25]"
"[4, 37, 40, 26]"
"[4, 36, 40, 27]"
"[4, 29, 28]"
"[4, 29]"
"[4, 30]"
"[4, 31]"
"[4, 31, 32]"
"[4, 33]"
"[4, 34]"
"[4, 35]"
"[4, 36]"
"[4, 37]"
"[4, 35, 38]"
"[4, 37, 39]"
"[4, 37, 40]"
"[4, 47, 41]"
"[4, 47, 42]"
"[4, 47, 43]"
"[4, 0, 3, 44]"
"[4, 46, 45]"
"[4, 46]"
"[4, 47]"
"[4, 48]"
"[4, 49]"
"[4, 49, 50]"
"[4, 17, 51]"
"[4, 47, 44, 52]"
"[4, 48, 53]"
"[4, 34, 10, 54]"
"[4, 34, 60, 55]"
"[4, 49, 56]"
"[4, 49, 56, 57]"
"[4, 17, 58]"
"[4, 21, 58, 59]"
"[4, 17, 60]"
"[4, 21, 61]"
"[4, 21, 62]"
"[4, 21, 63]"
"[4, 21, 64]"
"[4, 82, 64, 65]"
"[4, 82, 80, 66]"
"[4, 82, 81, 67]"
"[4, 46, 41, 81, 68]"
"[4, 82, 70, 69]"
"[4, 82, 70]"
"[4, 82, 70, 71]"
"[4, 46, 72]"
"[4, 46, 72, 73]"
"[4, 46, 74]"
"[4, 34, 75]"
"[4, 35, 76]"
"[4, 46, 77]"
"[4, 34, 77, 78]"
"[4, 35, 79]"
"[4, 82, 80]"
"[4, 82, 81]"
"[4, 82]"
"[5, 0]"
"[5, 1]"
"[5, 0, 2]"
"[5, 0, 3]"
"[5, 4]"
"[5, 6]"
"[5, 7]"
"[5, 8]"
"[5, 9]"
"[5, 15, 10]"
"[5, 0, 3, 11]"
"[5, 7, 12]"
"[5, 9, 13]"
"[5, 82, 19, 14]"
"[5, 15]"
"[5, 16]"
"[5, 18, 17]"
"[5, 18]"
"[5, 18, 17, 19]"
"[5, 18, 61, 20]"
"[5, 18, 22, 21]"
"[5, 18, 22]"
"[5, 18, 22, 23]"
"[5, 28, 24]"
"[5, 82, 39, 25]"
"[5, 37, 40, 26]"
"[5, 36, 40, 27]"
"[5, 28]"
"[5, 29]"
"[5, 30]"
"[5, 31]"
"[5, 31, 32]"
"[5, 33]"
"[5, 37, 34]"
"[5, 35]"
"[5, 36]"
"[5, 37]"
"[5, 35, 38]"
"[5, 37, 39]"
"[5, 37, 40]"
"[5, 47, 41]"
"[5, 47, 42]"
"[5, 47, 43]"
"[5, 0, 3, 44]"
"[5, 46, 45]"
"[5, 46]"
"[5, 47]"
"[5, 7, 48]"
"[5, 49]"
"[5, 50]"
"[5, 50, 51]"
"[5, 47, 44, 52]"
"[5, 35, 76, 53]"
"[5, 50, 54]"
"[5, 82, 60, 55]"
"[5, 50, 56]"
"[5, 50, 57]"
"[5, 50, 58]"
"[5, 50, 59]"
"[5, 18, 60]"
"[5, 18, 61]"
"[5, 82, 61, 62]"
"[5, 82, 63]"
"[5, 82, 64]"
"[5, 82, 64, 65]"
"[5, 82, 80, 66]"
"[5, 82, 81, 67]"
"[5, 46, 41, 81, 68]"
"[5, 82, 70, 69]"
"[5, 82, 70]"
"[5, 50, 71]"
"[5, 46, 72]"
"[5, 50, 73]"
"[5, 46, 74]"
"[5, 82, 75]"
"[5, 35, 76]"
"[5, 46, 77]"
"[5, 82, 78]"
"[5, 35, 79]"
"[5, 82, 80]"
"[5, 82, 81]"
"[5, 82]"
"[6, 0]"
"[6, 1]"
"[6, 2]"
"[6, 3]"
"[6, 4]"
"[6, 5]"
"[6, 7]"
"[6, 8]"
"[6, 9]"
"[6, 9, 10]"
"[6, 3, 11]"
"[6, 7, 12]"
"[6, 34, 10, 13]"
"[6, 34, 19, 14]"
"[6, 9, 15]"
"[6, 16]"
"[6, 17]"
"[6, 18]"
"[6, 17, 19]"
"[6, 23, 20]"
"[6, 23, 21]"
"[6, 22]"
"[6, 23]"
"[6, 24]"
"[6, 39, 25]"
"[6, 39, 26]"
"[6, 36, 40, 27]"
"[6, 28]"
"[6, 29]"
"[6, 30]"
"[6, 31]"
"[6, 31, 32]"
"[6, 33]"
"[6, 34]"
"[6, 35]"
"[6, 36]"
"[6, 37]"
"[6, 35, 38]"
"[6, 39]"
"[6, 37, 40]"
"[6, 44, 41]"
"[6, 45, 42]"
"[6, 2, 3, 43]"
"[6, 44]"
"[6, 45]"
"[6, 46]"
"[6, 47]"
"[6, 48]"
"[6, 49]"
"[6, 49, 50]"
"[6, 17, 51]"
"[6, 44, 52]"
"[6, 76, 53]"
"[6, 75, 51, 54]"
"[6, 75, 55]"
"[6, 49, 56]"
"[6, 75, 56, 57]"
"[6, 17, 58]"
"[6, 75, 58, 59]"
"[6, 17, 60]"
"[6, 23, 61]"
"[6, 23, 62]"
"[6, 23, 63]"
"[6, 23, 64]"
"[6, 82, 64, 65]"
"[6, 82, 80, 66]"
"[6, 78, 81, 67]"
"[6, 77, 81, 68]"
"[6, 75, 69]"
"[6, 77, 70]"
"[6, 75, 69, 71]"
"[6, 77, 72]"
"[6, 77, 72, 73]"
"[6, 77, 74]"
"[6, 75]"
"[6, 76]"
"[6, 77]"
"[6, 78]"
"[6, 76, 79]"
"[6, 78, 80]"
"[6, 78, 81]"
"[6, 82]"
"[7, 0]"
"[7, 1]"
"[7, 2]"
"[7, 3]"
"[7, 4]"
"[7, 5]"
"[7, 6]"
"[7, 8]"
"[7, 9]"
"[7, 10]"
"[7, 11]"
"[7, 12]"
"[7, 13]"
"[7, 14]"
"[7, 9, 15]"
"[7, 30, 16]"
"[7, 17]"
"[7, 18]"
"[7, 19]"
"[7, 23, 20]"
"[7, 23, 21]"
"[7, 22]"
"[7, 23]"
"[7, 24]"
"[7, 24, 25]"
"[7, 37, 40, 26]"
"[7, 36, 40, 27]"
"[7, 28]"
"[7, 29]"
"[7, 30]"
"[7, 33, 31]"
"[7, 33, 32]"
"[7, 33]"
"[7, 34]"
"[7, 35]"
"[7, 36]"
"[7, 37]"
"[7, 38]"
"[7, 37, 39]"
"[7, 37, 40]"
"[7, 44, 41]"
"[7, 47, 42]"
"[7, 2, 3, 43]"
"[7, 44]"
"[7, 47, 45]"
"[7, 49, 46]"
"[7, 47]"
"[7, 48]"
"[7, 49]"
"[7, 50]"
"[7, 51]"
"[7, 52]"
"[7, 53]"
"[7, 54]"
"[7, 14, 55]"
"[7, 50, 56]"
"[7, 50, 57]"
"[7, 19, 58]"
"[7, 19, 58, 59]"
"[7, 19, 60]"
"[7, 23, 61]"
"[7, 23, 62]"
"[7, 23, 63]"
"[7, 23, 64]"
"[7, 82, 64, 65]"
"[7, 82, 80, 66]"
"[7, 77, 81, 67]"
"[7, 77, 81, 68]"
"[7, 75, 69]"
"[7, 77, 70]"
"[7, 75, 69, 71]"
"[7, 77, 72]"
"[7, 77, 72, 73]"
"[7, 77, 74]"
"[7, 75]"
"[7, 76]"
"[7, 77]"
"[7, 77, 78]"
"[7, 79]"
"[7, 75, 80]"
"[7, 77, 81]"
"[7, 82]"
"[8, 0]"
"[8, 4, 1]"
"[8, 0, 2]"
"[8, 0, 3]"
"[8, 4]"
"[8, 5]"
"[8, 6]"
"[8, 7]"
"[8, 9]"
"[8, 15, 10]"
"[8, 0, 3, 11]"
"[8, 7, 12]"
"[8, 34, 10, 13]"
"[8, 34, 19, 14]"
"[8, 15]"
"[8, 15, 16]"
"[8, 18, 17]"
"[8, 18]"
"[8, 18, 17, 19]"
"[8, 18, 61, 20]"
"[8, 18, 22, 21]"
"[8, 18, 22]"
"[8, 18, 22, 23]"
"[8, 28, 24]"
"[8, 82, 39, 25]"
"[8, 37, 40, 26]"
"[8, 36, 40, 27]"
"[8, 28]"
"[8, 29]"
"[8, 30]"
"[8, 29, 31]"
"[8, 30, 31, 32]"
"[8, 36, 33]"
"[8, 34]"
"[8, 35]"
"[8, 36]"
"[8, 37]"
"[8, 35, 38]"
"[8, 37, 39]"
"[8, 37, 40]"
"[8, 47, 41]"
"[8, 47, 42]"
"[8, 47, 43]"
"[8, 0, 3, 44]"
"[8, 46, 45]"
"[8, 46]"
"[8, 47]"
"[8, 48]"
"[8, 49]"
"[8, 50]"
"[8, 50, 51]"
"[8, 47, 44, 52]"
"[8, 48, 53]"
"[8, 34, 10, 54]"
"[8, 34, 60, 55]"
"[8, 50, 56]"
"[8, 50, 57]"
"[8, 50, 58]"
"[8, 50, 59]"
"[8, 18, 60]"
"[8, 18, 61]"
"[8, 82, 61, 62]"
"[8, 82, 63]"
"[8, 82, 64]"
"[8, 82, 64, 65]"
"[8, 82, 80, 66]"
"[8, 82, 81, 67]"
"[8, 46, 41, 81, 68]"
"[8, 82, 70, 69]"
"[8, 82, 70]"
"[8, 50, 71]"
"[8, 46, 72]"
"[8, 50, 73]"
"[8, 46, 74]"
"[8, 34, 75]"
"[8, 35, 76]"
"[8, 46, 77]"
"[8, 34, 77, 78]"
"[8, 35, 79]"
"[8, 82, 80]"
"[8, 82, 81]"
"[8, 82]"
"[9, 38, 0]"
"[9, 6, 1]"
"[9, 6, 2]"
"[9, 38, 3]"
"[9, 6, 4]"
"[9, 5]"
"[9, 6]"
"[9, 7]"
"[9, 8]"
"[9, 10]"
"[9, 6, 3, 11]"
"[9, 7, 12]"
"[9, 13]"
"[9, 34, 19, 14]"
"[9, 15]"
"[9, 16]"
"[9, 17]"
"[9, 18]"
"[9, 17, 19]"
"[9, 22, 20]"
"[9, 22, 21]"
"[9, 22]"
"[9, 22, 23]"
"[9, 28, 24]"
"[9, 39, 25]"
"[9, 39, 26]"
"[9, 36, 40, 27]"
"[9, 28]"
"[9, 29]"
"[9, 30]"
"[9, 33, 31]"
"[9, 33, 32]"
"[9, 33]"
"[9, 34]"
"[9, 35]"
"[9, 36]"
"[9, 37]"
"[9, 38]"
"[9, 39]"
"[9, 37, 40]"
"[9, 76, 41]"
"[9, 77, 42]"
"[9, 6, 2, 3, 43]"
"[9, 38, 44]"
"[9, 74, 45]"
"[9, 74, 46]"
"[9, 48, 47]"
"[9, 48]"
"[9, 49]"
"[9, 50]"
"[9, 51]"
"[9, 38, 11, 52]"
"[9, 76, 53]"
"[9, 54]"
"[9, 75, 55]"
"[9, 56]"
"[9, 56, 57]"
"[9, 59, 58]"
"[9, 59]"
"[9, 59, 60]"
"[9, 63, 61]"
"[9, 63, 62]"
"[9, 63]"
"[9, 63, 64]"
"[9, 69, 65]"
"[9, 82, 80, 66]"
"[9, 78, 81, 67]"
"[9, 77, 81, 68]"
"[9, 69]"
"[9, 69, 70]"
"[9, 69, 71]"
"[9, 73, 72]"
"[9, 73]"
"[9, 74]"
"[9, 75]"
"[9, 76]"
"[9, 77]"
"[9, 78]"
"[9, 38, 79]"
"[9, 78, 80]"
"[9, 78, 81]"
"[9, 82]"
"[10, 35, 0]"
"[10, 35, 1]"
"[10, 7, 2]"
"[10, 35, 3]"
"[10, 35, 4]"
"[10, 35, 5]"
"[10, 7, 6]"
"[10, 7]"
"[10, 9, 8]"
"[10, 9]"
"[10, 35, 3, 11]"
"[10, 7, 12]"
"[10, 13]"
"[10, 19, 14]"
"[10, 15]"
"[10, 15, 16]"
"[10, 17]"
"[10, 17, 18]"
"[10, 19]"
"[10, 19, 20]"
"[10, 19, 21]"
"[10, 19, 22]"
"[10, 19, 23]"
"[10, 82, 24]"
"[10, 82, 39, 25]"
"[10, 82, 40, 26]"
"[10, 35, 36, 40, 27]"
"[10, 34, 28]"
"[10, 34, 28, 29]"
"[10, 15, 30]"
"[10, 34, 33, 31]"
"[10, 34, 33, 32]"
"[10, 35, 36, 33]"
"[10, 34]"
"[10, 35]"
"[10, 35, 36]"
"[10, 35, 37]"
"[10, 35, 38]"
"[10, 34, 39]"
"[10, 34, 40]"
"[10, 35, 41]"
"[10, 48, 45, 42]"
"[10, 48, 43]"
"[10, 35, 44]"
"[10, 48, 45]"
"[10, 50, 46]"
"[10, 48, 47]"
"[10, 48]"
"[10, 48, 49]"
"[10, 50]"
"[10, 51]"
"[10, 48, 52]"
"[10, 48, 53]"
"[10, 54]"
"[10, 60, 55]"
"[10, 56]"
"[10, 56, 57]"
"[10, 58]"
"[10, 58, 59]"
"[10, 60]"
"[10, 60, 61]"
"[10, 60, 62]"
"[10, 60, 63]"
"[10, 69, 64]"
"[10, 69, 65]"
"[10, 82, 80, 66]"
"[10, 82, 81, 67]"
"[10, 82, 81, 68]"
"[10, 69]"
"[10, 69, 70]"
"[10, 69, 71]"
"[10, 69, 72]"
"[10, 69, 72, 73]"
"[10, 50, 74]"
"[10, 34, 75]"
"[10, 35, 76]"
"[10, 35, 77]"
"[10, 34, 77, 78]"
"[10, 35, 79]"
"[10, 82, 80]"
"[10, 82, 81]"
"[10, 82]"
"[11, 3, 0]"
"[11, 3, 0, 1]"
"[11, 3, 2]"
"[11, 3]"
"[11, 3, 6, 4]"
"[11, 12, 7, 5]"
"[11, 7, 6]"
"[11, 7]"
"[11, 7, 8]"
"[11, 13, 9]"
"[11, 13, 10]"
"[11, 12]"
"[11, 13]"
"[11, 19, 14]"
"[11, 13, 15]"
"[11, 19, 14, 13, 15, 16]"
"[11, 19, 17]"
"[11, 19, 17, 18]"
"[11, 19]"
"[11, 19, 20]"
"[11, 19, 21]"
"[11, 19, 22]"
"[11, 19, 23]"
"[11, 19, 25, 24]"
"[11, 38, 39, 25]"
"[11, 38, 40, 26]"
"[11, 38, 40, 27]"
"[11, 19, 25, 28]"
"[11, 38, 24, 28, 29]"
"[11, 19, 25, 28, 29, 30]"
"[11, 38, 39, 36, 31]"
"[11, 13, 15, 31, 32]"
"[11, 38, 36, 33]"
"[11, 13, 14, 39, 34]"
"[11, 38, 35]"
"[11, 38, 36]"
"[11, 38, 37]"
"[11, 38]"
"[11, 38, 39]"
"[11, 38, 40]"
"[11, 44, 41]"
"[11, 44, 41, 42]"
"[11, 44, 43]"
"[11, 44]"
"[11, 52, 76, 45]"
"[11, 53, 76, 46]"
"[11, 52, 44, 47]"
"[11, 53, 48]"
"[11, 53, 48, 49]"
"[11, 53, 54, 50]"
"[11, 13, 51]"
"[11, 52]"
"[11, 53]"
"[11, 13, 54]"
"[11, 19, 55]"
"[11, 13, 56]"
"[11, 13, 56, 57]"
"[11, 19, 58]"
"[11, 19, 58, 59]"
"[11, 19, 60]"
"[11, 19, 61]"
"[11, 19, 62]"
"[11, 19, 63]"
"[11, 19, 64]"
"[11, 19, 64, 65]"
"[11, 79, 80, 66]"
"[11, 79, 81, 67]"
"[11, 79, 81, 68]"
"[11, 79, 70, 69]"
"[11, 79, 70]"
"[11, 19, 56, 71]"
"[11, 79, 70, 72]"
"[11, 79, 70, 73]"
"[11, 79, 77, 74]"
"[11, 13, 55, 75]"
"[11, 79, 76]"
"[11, 79, 77]"
"[11, 79, 78]"
"[11, 79]"
"[11, 79, 80]"
"[11, 79, 81]"
"[11, 79, 82]"
"[12, 3, 0]"
"[12, 3, 0, 1]"
"[12, 3, 2]"
"[12, 3]"
"[12, 11, 3, 6, 4]"
"[12, 7, 5]"
"[12, 11, 7, 6]"
"[12, 7]"
"[12, 7, 8]"
"[12, 13, 9]"
"[12, 13, 10]"
"[12, 11]"
"[12, 13]"
"[12, 14]"
"[12, 13, 15]"
"[12, 19, 14, 13, 15, 16]"
"[12, 19, 17]"
"[12, 19, 17, 18]"
"[12, 19]"
"[12, 19, 20]"
"[12, 14, 23, 21]"
"[12, 19, 22]"
"[12, 14, 23]"
"[12, 14, 25, 24]"
"[12, 14, 25]"
"[12, 38, 40, 26]"
"[12, 38, 40, 27]"
"[12, 14, 25, 28]"
"[12, 14, 39, 28, 29]"
"[12, 14, 25, 28, 29, 30]"
"[12, 38, 39, 36, 31]"
"[12, 14, 39, 36, 32]"
"[12, 38, 36, 33]"
"[12, 14, 39, 34]"
"[12, 38, 35]"
"[12, 38, 36]"
"[12, 38, 37]"
"[12, 38]"
"[12, 38, 39]"
"[12, 38, 40]"
"[12, 44, 41]"
"[12, 44, 41, 42]"
"[12, 44, 43]"
"[12, 44]"
"[12, 52, 76, 45]"
"[12, 53, 76, 46]"
"[12, 52, 44, 47]"
"[12, 48]"
"[12, 48, 49]"
"[12, 53, 54, 50]"
"[12, 13, 51]"
"[12, 52]"
"[12, 53]"
"[12, 13, 54]"
"[12, 14, 55]"
"[12, 13, 56]"
"[12, 13, 56, 57]"
"[12, 19, 58]"
"[12, 19, 58, 59]"
"[12, 19, 60]"
"[12, 19, 61]"
"[12, 14, 23, 62]"
"[12, 14, 23, 63]"
"[12, 14, 23, 64]"
"[12, 14, 55, 66, 65]"
"[12, 79, 80, 66]"
"[12, 79, 81, 67]"
"[12, 79, 81, 68]"
"[12, 14, 55, 66, 65, 69]"
"[12, 79, 70]"
"[12, 14, 55, 66, 65, 69, 71]"
"[12, 79, 70, 72]"
"[12, 79, 70, 73]"
"[12, 79, 77, 74]"
"[12, 14, 55, 75]"
"[12, 79, 76]"
"[12, 79, 77]"
"[12, 79, 78]"
"[12, 79]"
"[12, 79, 80]"
"[12, 79, 81]"
"[12, 14, 25, 34, 82]"
"[13, 3, 0]"
"[13, 3, 0, 1]"
"[13, 3, 2]"
"[13, 3]"
"[13, 11, 3, 6, 4]"
"[13, 9, 5]"
"[13, 11, 7, 6]"
"[13, 7]"
"[13, 9, 8]"
"[13, 9]"
"[13, 10]"
"[13, 11]"
"[13, 12]"
"[13, 14]"
"[13, 15]"
"[13, 15, 16]"
"[13, 19, 17]"
"[13, 19, 17, 18]"
"[13, 19]"
"[13, 19, 20]"
"[13, 14, 23, 21]"
"[13, 19, 22]"
"[13, 14, 23]"
"[13, 14, 25, 24]"
"[13, 14, 25]"
"[13, 3, 37, 40, 26]"
"[13, 3, 36, 40, 27]"
"[13, 14, 25, 28]"
"[13, 14, 39, 28, 29]"
"[13, 15, 30]"
"[13, 9, 33, 31]"
"[13, 15, 31, 32]"
"[13, 9, 33]"
"[13, 14, 39, 34]"
"[13, 12, 38, 35]"
"[13, 12, 38, 36]"
"[13, 12, 38, 37]"
"[13, 11, 38]"
"[13, 14, 39]"
"[13, 3, 37, 40]"
"[13, 3, 44, 41]"
"[13, 3, 47, 42]"
"[13, 3, 43]"
"[13, 3, 44]"
"[13, 53, 41, 45]"
"[13, 50, 46]"
"[13, 48, 47]"
"[13, 48]"
"[13, 48, 49]"
"[13, 50]"
"[13, 51]"
"[13, 11, 52]"
"[13, 53]"
"[13, 54]"
"[13, 55]"
"[13, 56]"
"[13, 56, 57]"
"[13, 60, 58]"
"[13, 60, 59]"
"[13, 60]"
"[13, 60, 61]"
"[13, 60, 62]"
"[13, 60, 63]"
"[13, 55, 64]"
"[13, 55, 66, 65]"
"[13, 55, 66]"
"[13, 53, 79, 81, 67]"
"[13, 3, 79, 81, 68]"
"[13, 55, 66, 65, 69]"
"[13, 56, 70]"
"[13, 56, 71]"
"[13, 50, 72]"
"[13, 56, 73]"
"[13, 50, 74]"
"[13, 55, 75]"
"[13, 53, 76]"
"[13, 53, 76, 77]"
"[13, 53, 76, 78]"
"[13, 53, 79]"
"[13, 55, 80]"
"[13, 53, 79, 81]"
"[13, 14, 25, 34, 82]"
"[14, 12, 3, 0]"
"[14, 12, 3, 0, 1]"
"[14, 12, 3, 2]"
"[14, 12, 3]"
"[14, 12, 11, 3, 6, 4]"
"[14, 12, 7, 5]"
"[14, 7, 6]"
"[14, 7]"
"[14, 7, 8]"
"[14, 13, 9]"
"[14, 13, 10]"
"[14, 12, 11]"
"[14, 12]"
"[14, 13]"
"[14, 13, 15]"
"[14, 19, 17, 16]"
"[14, 19, 17]"
"[14, 19, 17, 18]"
"[14, 19]"
"[14, 23, 20]"
"[14, 23, 21]"
"[14, 23, 22]"
"[14, 23]"
"[14, 25, 24]"
"[14, 25]"
"[14, 39, 26]"
"[14, 39, 27]"
"[14, 25, 28]"
"[14, 39, 28, 29]"
"[14, 25, 28, 29, 30]"
"[14, 39, 36, 31]"
"[14, 39, 36, 32]"
"[14, 39, 36, 33]"
"[14, 39, 34]"
"[14, 12, 38, 35]"
"[14, 39, 36]"
"[14, 39, 37]"
"[14, 12, 38]"
"[14, 39]"
"[14, 39, 40]"
"[14, 12, 44, 41]"
"[14, 12, 44, 41, 42]"
"[14, 12, 44, 43]"
"[14, 12, 44]"
"[14, 12, 52, 76, 45]"
"[14, 12, 53, 76, 46]"
"[14, 12, 52, 44, 47]"
"[14, 7, 48]"
"[14, 12, 48, 49]"
"[14, 13, 50]"
"[14, 13, 51]"
"[14, 12, 52]"
"[14, 12, 53]"
"[14, 13, 54]"
"[14, 55]"
"[14, 55, 54, 56]"
"[14, 55, 58, 57]"
"[14, 60, 58]"
"[14, 60, 59]"
"[14, 60]"
"[14, 60, 61]"
"[14, 23, 62]"
"[14, 23, 63]"
"[14, 23, 64]"
"[14, 55, 66, 65]"
"[14, 55, 66]"
"[14, 39, 67]"
"[14, 12, 79, 81, 68]"
"[14, 55, 66, 65, 69]"
"[14, 55, 80, 70]"
"[14, 55, 66, 65, 69, 71]"
"[14, 55, 80, 72]"
"[14, 55, 80, 72, 73]"
"[14, 12, 79, 77, 74]"
"[14, 55, 75]"
"[14, 12, 79, 76]"
"[14, 12, 79, 77]"
"[14, 12, 79, 78]"
"[14, 12, 79]"
"[14, 55, 80]"
"[14, 39, 67, 81]"
"[14, 25, 34, 82]"
"[15, 36, 0]"
"[15, 5, 1]"
"[15, 35, 2]"
"[15, 35, 3]"
"[15, 5, 4]"
"[15, 5]"
"[15, 5, 6]"
"[15, 8, 7]"
"[15, 8]"
"[15, 9]"
"[15, 10]"
"[15, 35, 3, 11]"
"[15, 35, 7, 12]"
"[15, 13]"
"[15, 34, 19, 14]"
"[15, 16]"
"[15, 17]"
"[15, 18]"
"[15, 17, 19]"
"[15, 60, 20]"
"[15, 18, 22, 21]"
"[15, 18, 22]"
"[15, 18, 22, 23]"
"[15, 28, 24]"
"[15, 39, 25]"
"[15, 39, 26]"
"[15, 36, 40, 27]"
"[15, 28]"
"[15, 29]"
"[15, 30]"
"[15, 31]"
"[15, 31, 32]"
"[15, 33]"
"[15, 34]"
"[15, 35]"
"[15, 36]"
"[15, 37]"
"[15, 35, 38]"
"[15, 39]"
"[15, 37, 40]"
"[15, 35, 41]"
"[15, 35, 41, 42]"
"[15, 35, 2, 3, 43]"
"[15, 35, 44]"
"[15, 50, 45]"
"[15, 50, 46]"
"[15, 35, 47]"
"[15, 35, 48]"
"[15, 50, 49]"
"[15, 50]"
"[15, 51]"
"[15, 35, 44, 52]"
"[15, 35, 76, 53]"
"[15, 54]"
"[15, 60, 55]"
"[15, 56]"
"[15, 56, 57]"
"[15, 58]"
"[15, 58, 59]"
"[15, 60]"
"[15, 60, 61]"
"[15, 60, 62]"
"[15, 60, 63]"
"[15, 60, 64]"
"[15, 82, 64, 65]"
"[15, 82, 80, 66]"
"[15, 82, 81, 67]"
"[15, 82, 81, 68]"
"[15, 82, 70, 69]"
"[15, 82, 70]"
"[15, 56, 71]"
"[15, 50, 72]"
"[15, 56, 73]"
"[15, 50, 74]"
"[15, 34, 75]"
"[15, 35, 76]"
"[15, 35, 77]"
"[15, 34, 77, 78]"
"[15, 35, 79]"
"[15, 82, 80]"
"[15, 82, 81]"
"[15, 82]"
"[16, 6, 0]"
"[16, 6, 1]"
"[16, 6, 2]"
"[16, 6, 3]"
"[16, 6, 4]"
"[16, 5]"
"[16, 6]"
"[16, 6, 7]"
"[16, 9, 8]"
"[16, 9]"
"[16, 15, 10]"
"[16, 6, 3, 11]"
"[16, 6, 7, 12]"
"[16, 9, 13]"
"[16, 17, 55, 14]"
"[16, 15]"
"[16, 17]"
"[16, 18]"
"[16, 17, 19]"
"[16, 18, 61, 20]"
"[16, 18, 22, 21]"
"[16, 18, 22]"
"[16, 18, 22, 23]"
"[16, 30, 29, 28, 24]"
"[16, 82, 39, 25]"
"[16, 36, 40, 26]"
"[16, 36, 40, 27]"
"[16, 29, 28]"
"[16, 29]"
"[16, 30]"
"[16, 31]"
"[16, 32]"
"[16, 33]"
"[16, 82, 34]"
"[16, 36, 35]"
"[16, 36]"
"[16, 36, 37]"
"[16, 36, 38]"
"[16, 32, 31, 40, 39]"
"[16, 36, 40]"
"[16, 36, 41]"
"[16, 36, 41, 42]"
"[16, 6, 2, 3, 43]"
"[16, 6, 44]"
"[16, 36, 46, 45]"
"[16, 36, 46]"
"[16, 6, 47]"
"[16, 6, 48]"
"[16, 36, 46, 49]"
"[16, 82, 50]"
"[16, 17, 51]"
"[16, 6, 44, 52]"
"[16, 36, 35, 76, 53]"
"[16, 9, 54]"
"[16, 82, 60, 55]"
"[16, 82, 56]"
"[16, 82, 56, 57]"
"[16, 17, 58]"
"[16, 17, 58, 59]"
"[16, 17, 60]"
"[16, 17, 61]"
"[16, 17, 62]"
"[16, 17, 63]"
"[16, 82, 64]"
"[16, 82, 64, 65]"
"[16, 82, 80, 66]"
"[16, 82, 81, 67]"
"[16, 82, 81, 68]"
"[16, 82, 70, 69]"
"[16, 82, 70]"
"[16, 82, 70, 71]"
"[16, 82, 72]"
"[16, 82, 72, 73]"
"[16, 82, 77, 74]"
"[16, 82, 75]"
"[16, 36, 77, 76]"
"[16, 82, 77]"
"[16, 82, 78]"
"[16, 36, 38, 79]"
"[16, 82, 80]"
"[16, 82, 81]"
"[16, 82]"
"[17, 0]"
"[17, 1]"
"[17, 0, 2]"
"[17, 0, 3]"
"[17, 4]"
"[17, 33, 5]"
"[17, 6]"
"[17, 7]"
"[17, 9, 8]"
"[17, 9]"
"[17, 10]"
"[17, 0, 3, 11]"
"[17, 7, 12]"
"[17, 10, 13]"
"[17, 55, 14]"
"[17, 15]"
"[17, 16]"
"[17, 18]"
"[17, 19]"
"[17, 20]"
"[17, 21]"
"[17, 22]"
"[17, 23]"
"[17, 24]"
"[17, 25]"
"[17, 40, 26]"
"[17, 40, 27]"
"[17, 28]"
"[17, 29]"
"[17, 30]"
"[17, 31]"
"[17, 32]"
"[17, 33]"
"[17, 34]"
"[17, 35]"
"[17, 36]"
"[17, 37]"
"[17, 35, 38]"
"[17, 39]"
"[17, 40]"
"[17, 41]"
"[17, 41, 42]"
"[17, 41, 44, 43]"
"[17, 41, 44]"
"[17, 41, 45]"
"[17, 77, 46]"
"[17, 41, 47]"
"[17, 7, 48]"
"[17, 56, 49]"
"[17, 56, 50]"
"[17, 51]"
"[17, 41, 44, 52]"
"[17, 35, 76, 53]"
"[17, 51, 54]"
"[17, 55]"
"[17, 56]"
"[17, 56, 57]"
"[17, 58]"
"[17, 58, 59]"
"[17, 60]"
"[17, 61]"
"[17, 62]"
"[17, 63]"
"[17, 62, 64]"
"[17, 82, 64, 65]"
"[17, 82, 80, 66]"
"[17, 77, 81, 67]"
"[17, 41, 81, 68]"
"[17, 75, 69]"
"[17, 77, 70]"
"[17, 56, 71]"
"[17, 77, 72]"
"[17, 77, 72, 73]"
"[17, 77, 74]"
"[17, 75]"
"[17, 77, 76]"
"[17, 77]"
"[17, 77, 78]"
"[17, 77, 79]"
"[17, 75, 80]"
"[17, 77, 81]"
"[17, 82]"
"[18, 0]"
"[18, 1]"
"[18, 44, 43, 3, 2]"
"[18, 44, 3]"
"[18, 4]"
"[18, 5]"
"[18, 6]"
"[18, 7]"
"[18, 8]"
"[18, 9]"
"[18, 15, 10]"
"[18, 44, 11]"
"[18, 7, 12]"
"[18, 34, 10, 13]"
"[18, 34, 19, 14]"
"[18, 15]"
"[18, 16]"
"[18, 17]"
"[18, 17, 19]"
"[18, 61, 20]"
"[18, 22, 21]"
"[18, 22]"
"[18, 22, 23]"
"[18, 24]"
"[18, 39, 25]"
"[18, 40, 26]"
"[18, 40, 27]"
"[18, 28]"
"[18, 29]"
"[18, 30]"
"[18, 31]"
"[18, 32]"
"[18, 33]"
"[18, 34]"
"[18, 36, 35]"
"[18, 36]"
"[18, 37]"
"[18, 37, 38]"
"[18, 39]"
"[18, 40]"
"[18, 41]"
"[18, 41, 42]"
"[18, 44, 43]"
"[18, 44]"
"[18, 41, 45]"
"[18, 74, 46]"
"[18, 41, 47]"
"[18, 7, 48]"
"[18, 50, 49]"
"[18, 50]"
"[18, 60, 51]"
"[18, 44, 52]"
"[18, 7, 53]"
"[18, 34, 10, 54]"
"[18, 60, 55]"
"[18, 50, 56]"
"[18, 50, 57]"
"[18, 58]"
"[18, 58, 59]"
"[18, 60]"
"[18, 61]"
"[18, 61, 62]"
"[18, 63]"
"[18, 61, 64]"
"[18, 82, 64, 65]"
"[18, 82, 80, 66]"
"[18, 77, 81, 67]"
"[18, 41, 81, 68]"
"[18, 63, 69]"
"[18, 74, 70]"
"[18, 74, 71]"
"[18, 74, 72]"
"[18, 74, 73]"
"[18, 74]"
"[18, 34, 75]"
"[18, 77, 76]"
"[18, 77]"
"[18, 77, 78]"
"[18, 77, 79]"
"[18, 82, 80]"
"[18, 77, 81]"
"[18, 82]"
"[19, 3, 0]"
"[19, 3, 0, 1]"
"[19, 3, 2]"
"[19, 3]"
"[19, 36, 4]"
"[19, 36, 5]"
"[19, 11, 7, 6]"
"[19, 7]"
"[19, 7, 8]"
"[19, 13, 9]"
"[19, 10]"
"[19, 11]"
"[19, 12]"
"[19, 13]"
"[19, 14]"
"[19, 10, 15]"
"[19, 14, 13, 15, 16]"
"[19, 17]"
"[19, 17, 18]"
"[19, 20]"
"[19, 21]"
"[19, 22]"
"[19, 23]"
"[19, 25, 24]"
"[19, 25]"
"[19, 39, 26]"
"[19, 36, 40, 27]"
"[19, 25, 28]"
"[19, 39, 28, 29]"
"[19, 25, 28, 29, 30]"
"[19, 39, 36, 31]"
"[19, 39, 36, 32]"
"[19, 36, 33]"
"[19, 34]"
"[19, 36, 35]"
"[19, 36]"
"[19, 36, 37]"
"[19, 36, 38]"
"[19, 39]"
"[19, 39, 40]"
"[19, 3, 44, 41]"
"[19, 3, 47, 42]"
"[19, 3, 43]"
"[19, 3, 44]"
"[19, 11, 52, 76, 45]"
"[19, 56, 46]"
"[19, 11, 52, 44, 47]"
"[19, 7, 48]"
"[19, 56, 49]"
"[19, 56, 50]"
"[19, 51]"
"[19, 11, 52]"
"[19, 12, 53]"
"[19, 54]"
"[19, 55]"
"[19, 56]"
"[19, 56, 57]"
"[19, 58]"
"[19, 58, 59]"
"[19, 60]"
"[19, 61]"
"[19, 62]"
"[19, 63]"
"[19, 64]"
"[19, 64, 65]"
"[19, 82, 80, 66]"
"[19, 82, 81, 67]"
"[19, 3, 79, 81, 68]"
"[19, 64, 69]"
"[19, 75, 70]"
"[19, 56, 71]"
"[19, 75, 72]"
"[19, 75, 72, 73]"
"[19, 75, 74]"
"[19, 75]"
"[19, 12, 79, 76]"
"[19, 75, 77]"
"[19, 75, 78]"
"[19, 36, 38, 79]"
"[19, 75, 80]"
"[19, 75, 81]"
"[19, 82]"
"[20, 36, 0]"
"[20, 36, 1]"
"[20, 36, 2]"
"[20, 36, 3]"
"[20, 36, 4]"
"[20, 36, 5]"
"[20, 36, 6]"
"[20, 36, 7]"
"[20, 36, 8]"
"[20, 36, 9]"
"[20, 19, 10]"
"[20, 36, 3, 11]"
"[20, 36, 7, 12]"
"[20, 34, 10, 13]"
"[20, 19, 14]"
"[20, 19, 10, 15]"
"[20, 19, 14, 13, 15, 16]"
"[20, 17]"
"[20, 17, 18]"
"[20, 19]"
"[20, 21]"
"[20, 22]"
"[20, 23]"
"[20, 23, 24]"
"[20, 39, 25]"
"[20, 39, 26]"
"[20, 36, 40, 27]"
"[20, 39, 28]"
"[20, 31, 29]"
"[20, 31, 30]"
"[20, 31]"
"[20, 31, 32]"
"[20, 36, 33]"
"[20, 34]"
"[20, 36, 35]"
"[20, 36]"
"[20, 37]"
"[20, 37, 38]"
"[20, 39]"
"[20, 37, 40]"
"[20, 37, 3, 44, 41]"
"[20, 37, 47, 42]"
"[20, 36, 2, 3, 43]"
"[20, 36, 44]"
"[20, 37, 46, 45]"
"[20, 34, 49, 46]"
"[20, 36, 47]"
"[20, 36, 7, 48]"
"[20, 34, 49]"
"[20, 60, 56, 50]"
"[20, 60, 51]"
"[20, 36, 44, 52]"
"[20, 37, 76, 53]"
"[20, 34, 10, 54]"
"[20, 60, 55]"
"[20, 58, 56]"
"[20, 58, 57]"
"[20, 58]"
"[20, 58, 59]"
"[20, 60]"
"[20, 61]"
"[20, 62]"
"[20, 63]"
"[20, 62, 64]"
"[20, 82, 64, 65]"
"[20, 82, 80, 66]"
"[20, 82, 81, 67]"
"[20, 82, 81, 68]"
"[20, 63, 69]"
"[20, 82, 70]"
"[20, 63, 69, 71]"
"[20, 82, 72]"
"[20, 82, 72, 73]"
"[20, 34, 77, 74]"
"[20, 34, 75]"
"[20, 37, 76]"
"[20, 34, 77]"
"[20, 34, 77, 78]"
"[20, 37, 79]"
"[20, 82, 80]"
"[20, 82, 81]"
"[20, 82]"
"[21, 4, 0]"
"[21, 4, 1]"
"[21, 41, 44, 43, 3, 2]"
"[21, 41, 44, 3]"
"[21, 4]"
"[21, 4, 5]"
"[21, 4, 6]"
"[21, 4, 7]"
"[21, 36, 8]"
"[21, 36, 9]"
"[21, 19, 10]"
"[21, 41, 44, 11]"
"[21, 36, 7, 12]"
"[21, 34, 10, 13]"
"[21, 19, 14]"
"[21, 19, 10, 15]"
"[21, 29, 16]"
"[21, 17]"
"[21, 17, 18]"
"[21, 19]"
"[21, 20]"
"[21, 22]"
"[21, 23]"
"[21, 24]"
"[21, 39, 25]"
"[21, 40, 26]"
"[21, 40, 27]"
"[21, 29, 28]"
"[21, 29]"
"[21, 29, 30]"
"[21, 31]"
"[21, 31, 32]"
"[21, 36, 33]"
"[21, 34]"
"[21, 36, 35]"
"[21, 36]"
"[21, 37]"
"[21, 37, 38]"
"[21, 39]"
"[21, 40]"
"[21, 41]"
"[21, 41, 42]"
"[21, 41, 44, 43]"
"[21, 41, 44]"
"[21, 41, 45]"
"[21, 41, 46]"
"[21, 41, 47]"
"[21, 41, 53, 48]"
"[21, 41, 49]"
"[21, 60, 56, 50]"
"[21, 60, 51]"
"[21, 41, 44, 52]"
"[21, 37, 76, 53]"
"[21, 34, 10, 54]"
"[21, 60, 55]"
"[21, 58, 56]"
"[21, 58, 57]"
"[21, 58]"
"[21, 58, 59]"
"[21, 60]"
"[21, 61]"
"[21, 62]"
"[21, 63]"
"[21, 64]"
"[21, 64, 65]"
"[21, 82, 80, 66]"
"[21, 82, 81, 67]"
"[21, 41, 81, 68]"
"[21, 64, 69]"
"[21, 82, 70]"
"[21, 64, 69, 71]"
"[21, 82, 72]"
"[21, 82, 72, 73]"
"[21, 41, 74]"
"[21, 34, 75]"
"[21, 37, 76]"
"[21, 41, 77]"
"[21, 34, 77, 78]"
"[21, 37, 79]"
"[21, 82, 80]"
"[21, 82, 81]"
"[21, 82]"
"[22, 0]"
"[22, 1]"
"[22, 0, 2]"
"[22, 0, 3]"
"[22, 4]"
"[22, 33, 5]"
"[22, 6]"
"[22, 7]"
"[22, 9, 8]"
"[22, 9]"
"[22, 19, 10]"
"[22, 0, 3, 11]"
"[22, 7, 12]"
"[22, 34, 10, 13]"
"[22, 19, 14]"
"[22, 9, 15]"
"[22, 18, 16]"
"[22, 17]"
"[22, 18]"
"[22, 19]"
"[22, 20]"
"[22, 21]"
"[22, 23]"
"[22, 24]"
"[22, 25]"
"[22, 40, 26]"
"[22, 40, 27]"
"[22, 28]"
"[22, 29]"
"[22, 29, 30]"
"[22, 31]"
"[22, 31, 32]"
"[22, 33]"
"[22, 34]"
"[22, 38, 35]"
"[22, 36]"
"[22, 37]"
"[22, 38]"
"[22, 39]"
"[22, 40]"
"[22, 38, 41]"
"[22, 38, 41, 42]"
"[22, 0, 2, 3, 43]"
"[22, 0, 3, 44]"
"[22, 38, 41, 45]"
"[22, 38, 50, 46]"
"[22, 7, 47]"
"[22, 7, 48]"
"[22, 7, 49]"
"[22, 60, 56, 50]"
"[22, 60, 51]"
"[22, 0, 3, 52]"
"[22, 7, 53]"
"[22, 34, 10, 54]"
"[22, 60, 55]"
"[22, 58, 56]"
"[22, 58, 57]"
"[22, 58]"
"[22, 58, 59]"
"[22, 60]"
"[22, 61]"
"[22, 62]"
"[22, 63]"
"[22, 64]"
"[22, 64, 65]"
"[22, 82, 80, 66]"
"[22, 82, 81, 67]"
"[22, 38, 81, 68]"
"[22, 64, 69]"
"[22, 82, 70]"
"[22, 64, 69, 71]"
"[22, 82, 72]"
"[22, 82, 72, 73]"
"[22, 38, 77, 74]"
"[22, 34, 75]"
"[22, 38, 76]"
"[22, 38, 77]"
"[22, 38, 78]"
"[22, 38, 79]"
"[22, 82, 80]"
"[22, 82, 81]"
"[22, 82]"
"[23, 0]"
"[23, 1]"
"[23, 0, 2]"
"[23, 0, 3]"
"[23, 4]"
"[23, 4, 5]"
"[23, 6]"
"[23, 7]"
"[23, 7, 8]"
"[23, 35, 9]"
"[23, 19, 10]"
"[23, 0, 3, 11]"
"[23, 7, 12]"
"[23, 34, 10, 13]"
"[23, 14]"
"[23, 19, 10, 15]"
"[23, 19, 14, 13, 15, 16]"
"[23, 17]"
"[23, 17, 18]"
"[23, 19]"
"[23, 20]"
"[23, 21]"
"[23, 22]"
"[23, 24]"
"[23, 25]"
"[23, 40, 26]"
"[23, 40, 27]"
"[23, 24, 28]"
"[23, 31, 29]"
"[23, 24, 28, 29, 30]"
"[23, 31]"
"[23, 31, 32]"
"[23, 36, 33]"
"[23, 34]"
"[23, 35]"
"[23, 36]"
"[23, 37]"
"[23, 38]"
"[23, 39]"
"[23, 40]"
"[23, 38, 41]"
"[23, 38, 41, 42]"
"[23, 0, 2, 3, 43]"
"[23, 0, 3, 44]"
"[23, 38, 41, 45]"
"[23, 35, 46]"
"[23, 7, 47]"
"[23, 7, 48]"
"[23, 7, 49]"
"[23, 60, 56, 50]"
"[23, 60, 51]"
"[23, 0, 3, 52]"
"[23, 35, 76, 53]"
"[23, 34, 10, 54]"
"[23, 14, 55]"
"[23, 58, 56]"
"[23, 58, 57]"
"[23, 58]"
"[23, 58, 59]"
"[23, 60]"
"[23, 61]"
"[23, 62]"
"[23, 63]"
"[23, 64]"
"[23, 64, 65]"
"[23, 82, 80, 66]"
"[23, 82, 81, 67]"
"[23, 38, 81, 68]"
"[23, 64, 69]"
"[23, 82, 70]"
"[23, 64, 69, 71]"
"[23, 82, 72]"
"[23, 82, 72, 73]"
"[23, 38, 77, 74]"
"[23, 34, 75]"
"[23, 35, 76]"
"[23, 38, 77]"
"[23, 38, 78]"
"[23, 38, 79]"
"[23, 82, 80]"
"[23, 82, 81]"
"[23, 82]"
"[24, 0]"
"[24, 1]"
"[24, 0, 2]"
"[24, 0, 3]"
"[24, 4]"
"[24, 33, 5]"
"[24, 6]"
"[24, 7]"
"[24, 7, 8]"
"[24, 33, 9]"
"[24, 17, 10]"
"[24, 0, 3, 11]"
"[24, 7, 12]"
"[24, 34, 10, 13]"
"[24, 34, 19, 14]"
"[24, 18, 15]"
"[24, 18, 16]"
"[24, 17]"
"[24, 18]"
"[24, 17, 19]"
"[24, 21, 20]"
"[24, 21]"
"[24, 22]"
"[24, 23]"
"[24, 25]"
"[24, 26]"
"[24, 27]"
"[24, 28]"
"[24, 28, 29]"
"[24, 28, 29, 30]"
"[24, 31]"
"[24, 31, 32]"
"[24, 33]"
"[24, 34]"
"[24, 35]"
"[24, 36]"
"[24, 37]"
"[24, 38]"
"[24, 39]"
"[24, 40]"
"[24, 41]"
"[24, 41, 42]"
"[24, 41, 44, 43]"
"[24, 41, 44]"
"[24, 41, 45]"
"[24, 41, 46]"
"[24, 41, 47]"
"[24, 7, 48]"
"[24, 7, 49]"
"[24, 35, 50]"
"[24, 17, 51]"
"[24, 41, 44, 52]"
"[24, 35, 76, 53]"
"[24, 34, 10, 54]"
"[24, 34, 60, 55]"
"[24, 34, 50, 56]"
"[24, 34, 50, 57]"
"[24, 17, 58]"
"[24, 21, 58, 59]"
"[24, 17, 60]"
"[24, 21, 61]"
"[24, 21, 62]"
"[24, 21, 63]"
"[24, 21, 64]"
"[24, 82, 64, 65]"
"[24, 82, 80, 66]"
"[24, 82, 81, 67]"
"[24, 41, 81, 68]"
"[24, 82, 70, 69]"
"[24, 82, 70]"
"[24, 82, 70, 71]"
"[24, 82, 72]"
"[24, 82, 72, 73]"
"[24, 41, 74]"
"[24, 34, 75]"
"[24, 35, 76]"
"[24, 38, 77]"
"[24, 38, 78]"
"[24, 38, 79]"
"[24, 82, 80]"
"[24, 82, 81]"
"[24, 82]"
"[25, 27, 0]"
"[25, 27, 0, 1]"
"[25, 27, 0, 2]"
"[25, 27, 0, 3]"
"[25, 36, 4]"
"[25, 36, 5]"
"[25, 36, 6]"
"[25, 36, 7]"
"[25, 36, 8]"
"[25, 36, 9]"
"[25, 19, 10]"
"[25, 36, 3, 11]"
"[25, 36, 7, 12]"
"[25, 34, 10, 13]"
"[25, 14]"
"[25, 19, 10, 15]"
"[25, 19, 14, 13, 15, 16]"
"[25, 17]"
"[25, 17, 18]"
"[25, 19]"
"[25, 23, 20]"
"[25, 23, 21]"
"[25, 22]"
"[25, 23]"
"[25, 24]"
"[25, 26]"
"[25, 27]"
"[25, 28]"
"[25, 28, 29]"
"[25, 28, 29, 30]"
"[25, 39, 36, 31]"
"[25, 39, 36, 32]"
"[25, 36, 33]"
"[25, 34]"
"[25, 36, 35]"
"[25, 36]"
"[25, 37]"
"[25, 37, 38]"
"[25, 39]"
"[25, 40]"
"[25, 37, 3, 44, 41]"
"[25, 37, 47, 42]"
"[25, 27, 0, 2, 3, 43]"
"[25, 27, 0, 3, 44]"
"[25, 37, 46, 45]"
"[25, 34, 49, 46]"
"[25, 36, 47]"
"[25, 36, 7, 48]"
"[25, 34, 49]"
"[25, 34, 50]"
"[25, 19, 51]"
"[25, 36, 44, 52]"
"[25, 37, 76, 53]"
"[25, 34, 10, 54]"
"[25, 14, 55]"
"[25, 14, 55, 54, 56]"
"[25, 14, 55, 58, 57]"
"[25, 19, 58]"
"[25, 19, 58, 59]"
"[25, 19, 60]"
"[25, 23, 61]"
"[25, 23, 62]"
"[25, 23, 63]"
"[25, 23, 64]"
"[25, 14, 55, 66, 65]"
"[25, 34, 82, 80, 66]"
"[25, 26, 40, 77, 81, 67]"
"[25, 26, 40, 41, 81, 68]"
"[25, 14, 55, 66, 65, 69]"
"[25, 34, 77, 70]"
"[25, 14, 55, 66, 65, 69, 71]"
"[25, 34, 77, 72]"
"[25, 34, 77, 72, 73]"
"[25, 34, 77, 74]"
"[25, 34, 75]"
"[25, 37, 76]"
"[25, 34, 77]"
"[25, 34, 77, 78]"
"[25, 37, 79]"
"[25, 34, 75, 80]"
"[25, 34, 77, 81]"
"[25, 34, 82]"
"[26, 27, 0]"
"[26, 27, 0, 1]"
"[26, 27, 0, 2]"
"[26, 27, 0, 3]"
"[26, 27, 0, 4]"
"[26, 40, 33, 5]"
"[26, 27, 0, 6]"
"[26, 40, 38, 7]"
"[26, 40, 33, 9, 8]"
"[26, 39, 9]"
"[26, 39, 15, 10]"
"[26, 27, 0, 3, 11]"
"[26, 40, 38, 12]"
"[26, 39, 34, 10, 13]"
"[26, 25, 14]"
"[26, 39, 15]"
"[26, 28, 15, 16]"
"[26, 24, 17]"
"[26, 24, 18]"
"[26, 24, 17, 19]"
"[26, 24, 21, 20]"
"[26, 24, 21]"
"[26, 24, 22]"
"[26, 24, 23]"
"[26, 24]"
"[26, 25]"
"[26, 27]"
"[26, 28]"
"[26, 28, 29]"
"[26, 28, 29, 30]"
"[26, 39, 36, 31]"
"[26, 39, 36, 32]"
"[26, 40, 33]"
"[26, 39, 34]"
"[26, 40, 38, 35]"
"[26, 40, 36]"
"[26, 40, 37]"
"[26, 40, 38]"
"[26, 39]"
"[26, 40]"
"[26, 27, 0, 3, 44, 41]"
"[26, 40, 41, 42]"
"[26, 27, 0, 2, 3, 43]"
"[26, 27, 0, 3, 44]"
"[26, 40, 41, 45]"
"[26, 40, 77, 46]"
"[26, 40, 41, 47]"
"[26, 40, 77, 48]"
"[26, 40, 77, 49]"
"[26, 40, 77, 50]"
"[26, 39, 60, 51]"
"[26, 27, 0, 3, 52]"
"[26, 40, 38, 12, 53]"
"[26, 39, 34, 10, 54]"
"[26, 25, 14, 55]"
"[26, 25, 14, 55, 54, 56]"
"[26, 25, 14, 55, 58, 57]"
"[26, 25, 19, 58]"
"[26, 25, 19, 58, 59]"
"[26, 25, 19, 60]"
"[26, 24, 21, 61]"
"[26, 24, 21, 62]"
"[26, 24, 21, 63]"
"[26, 24, 21, 64]"
"[26, 25, 14, 55, 66, 65]"
"[26, 25, 34, 82, 80, 66]"
"[26, 40, 77, 81, 67]"
"[26, 40, 41, 81, 68]"
"[26, 25, 14, 55, 66, 65, 69]"
"[26, 25, 34, 77, 70]"
"[26, 25, 14, 55, 66, 65, 69, 71]"
"[26, 40, 77, 72]"
"[26, 25, 34, 77, 72, 73]"
"[26, 40, 77, 74]"
"[26, 39, 78, 75]"
"[26, 40, 77, 76]"
"[26, 40, 77]"
"[26, 40, 77, 78]"
"[26, 40, 38, 79]"
"[26, 25, 34, 75, 80]"
"[26, 40, 77, 81]"
"[26, 25, 34, 82]"
"[27, 0]"
"[27, 0, 1]"
"[27, 0, 2]"
"[27, 0, 3]"
"[27, 0, 4]"
"[27, 33, 5]"
"[27, 0, 6]"
"[27, 33, 7]"
"[27, 33, 9, 8]"
"[27, 33, 9]"
"[27, 33, 15, 10]"
"[27, 0, 3, 11]"
"[27, 33, 7, 12]"
"[27, 33, 34, 10, 13]"
"[27, 25, 14]"
"[27, 33, 15]"
"[27, 31, 16]"
"[27, 24, 17]"
"[27, 24, 18]"
"[27, 24, 17, 19]"
"[27, 24, 21, 20]"
"[27, 24, 21]"
"[27, 24, 22]"
"[27, 24, 23]"
"[27, 24]"
"[27, 25]"
"[27, 26]"
"[27, 28]"
"[27, 28, 29]"
"[27, 28, 29, 30]"
"[27, 31]"
"[27, 31, 32]"
"[27, 33]"
"[27, 39, 34]"
"[27, 33, 36, 35]"
"[27, 33, 36]"
"[27, 33, 36, 37]"
"[27, 40, 38]"
"[27, 39]"
"[27, 40]"
"[27, 0, 3, 44, 41]"
"[27, 0, 3, 47, 42]"
"[27, 0, 2, 3, 43]"
"[27, 0, 3, 44]"
"[27, 0, 3, 47, 45]"
"[27, 0, 35, 46]"
"[27, 0, 3, 47]"
"[27, 0, 7, 48]"
"[27, 33, 7, 49]"
"[27, 33, 34, 50]"
"[27, 33, 17, 51]"
"[27, 0, 3, 52]"
"[27, 33, 7, 53]"
"[27, 33, 34, 10, 54]"
"[27, 25, 14, 55]"
"[27, 25, 14, 55, 54, 56]"
"[27, 25, 14, 55, 58, 57]"
"[27, 25, 19, 58]"
"[27, 25, 19, 58, 59]"
"[27, 25, 19, 60]"
"[27, 24, 21, 61]"
"[27, 24, 21, 62]"
"[27, 24, 21, 63]"
"[27, 24, 21, 64]"
"[27, 25, 14, 55, 66, 65]"
"[27, 25, 34, 82, 80, 66]"
"[27, 26, 40, 77, 81, 67]"
"[27, 26, 40, 41, 81, 68]"
"[27, 25, 14, 55, 66, 65, 69]"
"[27, 25, 34, 77, 70]"
"[27, 25, 14, 55, 66, 65, 69, 71]"
"[27, 40, 77, 72]"
"[27, 25, 34, 77, 72, 73]"
"[27, 40, 77, 74]"
"[27, 39, 78, 75]"
"[27, 40, 77, 76]"
"[27, 40, 77]"
"[27, 40, 77, 78]"
"[27, 40, 38, 79]"
"[27, 25, 34, 75, 80]"
"[27, 40, 77, 81]"
"[27, 25, 34, 82]"
"[28, 0]"
"[28, 0, 1]"
"[28, 2]"
"[28, 3]"
"[28, 6, 4]"
"[28, 5]"
"[28, 6]"
"[28, 7]"
"[28, 8]"
"[28, 9]"
"[28, 15, 10]"
"[28, 3, 11]"
"[28, 7, 12]"
"[28, 34, 10, 13]"
"[28, 34, 19, 14]"
"[28, 15]"
"[28, 15, 16]"
"[28, 17]"
"[28, 18]"
"[28, 17, 19]"
"[28, 22, 20]"
"[28, 22, 21]"
"[28, 22]"
"[28, 22, 23]"
"[28, 24]"
"[28, 25]"
"[28, 26]"
"[28, 27]"
"[28, 29]"
"[28, 29, 30]"
"[28, 31]"
"[28, 31, 32]"
"[28, 33]"
"[28, 34]"
"[28, 36, 35]"
"[28, 36]"
"[28, 37]"
"[28, 37, 38]"
"[28, 39]"
"[28, 40]"
"[28, 3, 44, 41]"
"[28, 3, 47, 42]"
"[28, 2, 3, 43]"
"[28, 3, 44]"
"[28, 49, 45]"
"[28, 49, 46]"
"[28, 3, 47]"
"[28, 7, 48]"
"[28, 49]"
"[28, 50]"
"[28, 50, 51]"
"[28, 3, 52]"
"[28, 7, 53]"
"[28, 34, 10, 54]"
"[28, 34, 60, 55]"
"[28, 50, 56]"
"[28, 50, 57]"
"[28, 17, 58]"
"[28, 50, 59]"
"[28, 17, 60]"
"[28, 22, 61]"
"[28, 22, 62]"
"[28, 22, 63]"
"[28, 82, 64]"
"[28, 82, 64, 65]"
"[28, 82, 80, 66]"
"[28, 82, 81, 67]"
"[28, 3, 79, 81, 68]"
"[28, 82, 70, 69]"
"[28, 82, 70]"
"[28, 50, 71]"
"[28, 50, 72]"
"[28, 50, 73]"
"[28, 50, 74]"
"[28, 34, 75]"
"[28, 37, 76]"
"[28, 50, 77]"
"[28, 34, 77, 78]"
"[28, 37, 79]"
"[28, 82, 80]"
"[28, 82, 81]"
"[28, 82]"
"[29, 0]"
"[29, 4, 1]"
"[29, 0, 2]"
"[29, 0, 3]"
"[29, 4]"
"[29, 5]"
"[29, 6]"
"[29, 7]"
"[29, 8]"
"[29, 9]"
"[29, 15, 10]"
"[29, 0, 3, 11]"
"[29, 7, 12]"
"[29, 9, 13]"
"[29, 17, 55, 14]"
"[29, 15]"
"[29, 16]"
"[29, 17]"
"[29, 18]"
"[29, 17, 19]"
"[29, 21, 20]"
"[29, 21]"
"[29, 22]"
"[29, 21, 23]"
"[29, 28, 24]"
"[29, 82, 39, 25]"
"[29, 40, 26]"
"[29, 40, 27]"
"[29, 28]"
"[29, 30]"
"[29, 31]"
"[29, 31, 32]"
"[29, 33]"
"[29, 37, 34]"
"[29, 36, 35]"
"[29, 36]"
"[29, 37]"
"[29, 37, 38]"
"[29, 40, 39]"
"[29, 40]"
"[29, 47, 41]"
"[29, 47, 42]"
"[29, 47, 43]"
"[29, 0, 3, 44]"
"[29, 47, 45]"
"[29, 49, 46]"
"[29, 47]"
"[29, 7, 48]"
"[29, 49]"
"[29, 49, 50]"
"[29, 17, 51]"
"[29, 47, 44, 52]"
"[29, 7, 53]"
"[29, 49, 75, 51, 54]"
"[29, 82, 60, 55]"
"[29, 49, 56]"
"[29, 49, 56, 57]"
"[29, 17, 58]"
"[29, 21, 58, 59]"
"[29, 17, 60]"
"[29, 21, 61]"
"[29, 21, 62]"
"[29, 21, 63]"
"[29, 21, 64]"
"[29, 82, 64, 65]"
"[29, 82, 80, 66]"
"[29, 82, 81, 67]"
"[29, 82, 81, 68]"
"[29, 82, 70, 69]"
"[29, 82, 70]"
"[29, 82, 70, 71]"
"[29, 82, 72]"
"[29, 82, 72, 73]"
"[29, 49, 74]"
"[29, 82, 75]"
"[29, 37, 76]"
"[29, 82, 77]"
"[29, 82, 78]"
"[29, 37, 79]"
"[29, 82, 80]"
"[29, 82, 81]"
"[29, 82]"
"[30, 0]"
"[30, 4, 1]"
"[30, 0, 2]"
"[30, 0, 3]"
"[30, 4]"
"[30, 5]"
"[30, 6]"
"[30, 7]"
"[30, 8]"
"[30, 9]"
"[30, 15, 10]"
"[30, 0, 3, 11]"
"[30, 7, 12]"
"[30, 9, 13]"
"[30, 17, 55, 14]"
"[30, 15]"
"[30, 16]"
"[30, 17]"
"[30, 18]"
"[30, 17, 19]"
"[30, 18, 61, 20]"
"[30, 18, 22, 21]"
"[30, 18, 22]"
"[30, 18, 22, 23]"
"[30, 29, 28, 24]"
"[30, 29, 82, 39, 25]"
"[30, 37, 40, 26]"
"[30, 36, 40, 27]"
"[30, 29, 28]"
"[30, 29]"
"[30, 31]"
"[30, 31, 32]"
"[30, 33]"
"[30, 37, 34]"
"[30, 36, 35]"
"[30, 36]"
"[30, 37]"
"[30, 37, 38]"
"[30, 37, 39]"
"[30, 37, 40]"
"[30, 0, 3, 44, 41]"
"[30, 0, 3, 47, 42]"
"[30, 0, 2, 3, 43]"
"[30, 0, 3, 44]"
"[30, 7, 47, 45]"
"[30, 7, 49, 46]"
"[30, 7, 47]"
"[30, 7, 48]"
"[30, 7, 49]"
"[30, 7, 50]"
"[30, 17, 51]"
"[30, 0, 3, 52]"
"[30, 7, 53]"
"[30, 37, 34, 10, 54]"
"[30, 17, 55]"
"[30, 7, 50, 56]"
"[30, 17, 56, 57]"
"[30, 17, 58]"
"[30, 17, 58, 59]"
"[30, 17, 60]"
"[30, 17, 61]"
"[30, 17, 62]"
"[30, 17, 63]"
"[30, 17, 62, 64]"
"[30, 37, 82, 64, 65]"
"[30, 37, 82, 80, 66]"
"[30, 37, 81, 67]"
"[30, 0, 38, 81, 68]"
"[30, 37, 81, 65, 69]"
"[30, 37, 81, 70]"
"[30, 37, 63, 69, 71]"
"[30, 37, 77, 72]"
"[30, 37, 77, 72, 73]"
"[30, 37, 77, 74]"
"[30, 37, 78, 75]"
"[30, 37, 76]"
"[30, 37, 77]"
"[30, 37, 78]"
"[30, 37, 79]"
"[30, 37, 81, 80]"
"[30, 37, 81]"
"[30, 37, 82]"
"[31, 0]"
"[31, 4, 1]"
"[31, 0, 2]"
"[31, 0, 3]"
"[31, 4]"
"[31, 5]"
"[31, 6]"
"[31, 6, 7]"
"[31, 5, 8]"
"[31, 15, 9]"
"[31, 15, 10]"
"[31, 0, 3, 11]"
"[31, 6, 7, 12]"
"[31, 15, 13]"
"[31, 20, 19, 14]"
"[31, 15]"
"[31, 16]"
"[31, 17]"
"[31, 18]"
"[31, 17, 19]"
"[31, 20]"
"[31, 21]"
"[31, 22]"
"[31, 23]"
"[31, 24]"
"[31, 24, 25]"
"[31, 40, 26]"
"[31, 27]"
"[31, 28]"
"[31, 29]"
"[31, 30]"
"[31, 32]"
"[31, 33]"
"[31, 36, 34]"
"[31, 36, 35]"
"[31, 36]"
"[31, 36, 37]"
"[31, 36, 38]"
"[31, 40, 39]"
"[31, 40]"
"[31, 0, 3, 44, 41]"
"[31, 0, 3, 47, 42]"
"[31, 0, 2, 3, 43]"
"[31, 0, 3, 44]"
"[31, 0, 3, 47, 45]"
"[31, 36, 46]"
"[31, 0, 3, 47]"
"[31, 6, 48]"
"[31, 36, 46, 49]"
"[31, 36, 46, 50]"
"[31, 17, 51]"
"[31, 0, 3, 52]"
"[31, 36, 35, 76, 53]"
"[31, 15, 54]"
"[31, 20, 60, 55]"
"[31, 17, 56]"
"[31, 20, 58, 57]"
"[31, 17, 58]"
"[31, 20, 58, 59]"
"[31, 17, 60]"
"[31, 20, 61]"
"[31, 20, 62]"
"[31, 20, 63]"
"[31, 21, 64]"
"[31, 23, 64, 65]"
"[31, 40, 82, 80, 66]"
"[31, 40, 77, 81, 67]"
"[31, 40, 41, 81, 68]"
"[31, 23, 64, 69]"
"[31, 40, 77, 70]"
"[31, 20, 63, 69, 71]"
"[31, 40, 77, 72]"
"[31, 40, 77, 72, 73]"
"[31, 36, 74]"
"[31, 36, 78, 75]"
"[31, 36, 77, 76]"
"[31, 36, 77]"
"[31, 36, 78]"
"[31, 36, 38, 79]"
"[31, 40, 82, 80]"
"[31, 40, 77, 81]"
"[31, 40, 82]"
"[32, 36, 0]"
"[32, 36, 1]"
"[32, 36, 2]"
"[32, 36, 3]"
"[32, 33, 4]"
"[32, 33, 5]"
"[32, 36, 6]"
"[32, 36, 7]"
"[32, 33, 9, 8]"
"[32, 16, 9]"
"[32, 17, 10]"
"[32, 36, 3, 11]"
"[32, 36, 7, 12]"
"[32, 36, 34, 10, 13]"
"[32, 17, 55, 14]"
"[32, 16, 15]"
"[32, 16]"
"[32, 17]"
"[32, 18]"
"[32, 17, 19]"
"[32, 18, 61, 20]"
"[32, 18, 22, 21]"
"[32, 18, 22]"
"[32, 18, 22, 23]"
"[32, 18, 24]"
"[32, 31, 24, 25]"
"[32, 36, 40, 26]"
"[32, 36, 40, 27]"
"[32, 31, 28]"
"[32, 31, 29]"
"[32, 16, 30]"
"[32, 31]"
"[32, 33]"
"[32, 36, 34]"
"[32, 36, 35]"
"[32, 36]"
"[32, 36, 37]"
"[32, 36, 38]"
"[32, 31, 40, 39]"
"[32, 36, 40]"
"[32, 36, 41]"
"[32, 36, 41, 42]"
"[32, 36, 2, 3, 43]"
"[32, 36, 44]"
"[32, 36, 46, 45]"
"[32, 36, 46]"
"[32, 36, 47]"
"[32, 36, 7, 48]"
"[32, 36, 46, 49]"
"[32, 36, 46, 50]"
"[32, 17, 51]"
"[32, 36, 44, 52]"
"[32, 36, 35, 76, 53]"
"[32, 36, 34, 10, 54]"
"[32, 17, 55]"
"[32, 17, 56]"
"[32, 17, 56, 57]"
"[32, 17, 58]"
"[32, 17, 58, 59]"
"[32, 17, 60]"
"[32, 17, 61]"
"[32, 17, 62]"
"[32, 17, 63]"
"[32, 17, 62, 64]"
"[32, 36, 82, 64, 65]"
"[32, 36, 82, 80, 66]"
"[32, 36, 78, 81, 67]"
"[32, 36, 41, 81, 68]"
"[32, 36, 63, 69]"
"[32, 36, 74, 70]"
"[32, 17, 56, 71]"
"[32, 36, 74, 72]"
"[32, 36, 74, 73]"
"[32, 36, 74]"
"[32, 36, 78, 75]"
"[32, 36, 77, 76]"
"[32, 36, 77]"
"[32, 36, 78]"
"[32, 36, 38, 79]"
"[32, 36, 78, 80]"
"[32, 36, 78, 81]"
"[32, 36, 82]"
"[33, 0]"
"[33, 1]"
"[33, 2]"
"[33, 0, 3]"
"[33, 4]"
"[33, 5]"
"[33, 6]"
"[33, 7]"
"[33, 9, 8]"
"[33, 9]"
"[33, 15, 10]"
"[33, 0, 3, 11]"
"[33, 7, 12]"
"[33, 34, 10, 13]"
"[33, 34, 19, 14]"
"[33, 15]"
"[33, 16]"
"[33, 17]"
"[33, 18]"
"[33, 17, 19]"
"[33, 22, 20]"
"[33, 22, 21]"
"[33, 22]"
"[33, 22, 23]"
"[33, 24]"
"[33, 24, 25]"
"[33, 40, 26]"
"[33, 27]"
"[33, 28]"
"[33, 29]"
"[33, 30]"
"[33, 31]"
"[33, 32]"
"[33, 34]"
"[33, 36, 35]"
"[33, 36]"
"[33, 36, 37]"
"[33, 36, 38]"
"[33, 40, 39]"
"[33, 40]"
"[33, 2, 3, 44, 41]"
"[33, 2, 3, 47, 42]"
"[33, 2, 3, 43]"
"[33, 2, 3, 44]"
"[33, 2, 3, 47, 45]"
"[33, 7, 49, 46]"
"[33, 2, 3, 47]"
"[33, 7, 48]"
"[33, 7, 49]"
"[33, 34, 50]"
"[33, 17, 51]"
"[33, 2, 3, 52]"
"[33, 7, 53]"
"[33, 34, 10, 54]"
"[33, 34, 60, 55]"
"[33, 34, 50, 56]"
"[33, 34, 50, 57]"
"[33, 17, 58]"
"[33, 17, 58, 59]"
"[33, 17, 60]"
"[33, 22, 61]"
"[33, 22, 62]"
"[33, 22, 63]"
"[33, 22, 64]"
"[33, 34, 82, 64, 65]"
"[33, 34, 82, 80, 66]"
"[33, 40, 77, 81, 67]"
"[33, 40, 41, 81, 68]"
"[33, 34, 75, 69]"
"[33, 34, 77, 70]"
"[33, 34, 75, 69, 71]"
"[33, 34, 77, 72]"
"[33, 34, 77, 72, 73]"
"[33, 34, 77, 74]"
"[33, 34, 75]"
"[33, 34, 77, 76]"
"[33, 34, 77]"
"[33, 34, 77, 78]"
"[33, 36, 38, 79]"
"[33, 34, 75, 80]"
"[33, 34, 77, 81]"
"[33, 34, 82]"
"[34, 0]"
"[34, 1]"
"[34, 2]"
"[34, 3]"
"[34, 4]"
"[34, 33, 5]"
"[34, 6]"
"[34, 7]"
"[34, 8]"
"[34, 9]"
"[34, 10]"
"[34, 3, 11]"
"[34, 7, 12]"
"[34, 10, 13]"
"[34, 19, 14]"
"[34, 15]"
"[34, 15, 16]"
"[34, 17]"
"[34, 18]"
"[34, 19]"
"[34, 20]"
"[34, 21]"
"[34, 22]"
"[34, 23]"
"[34, 24]"
"[34, 25]"
"[34, 40, 26]"
"[34, 40, 27]"
"[34, 28]"
"[34, 28, 29]"
"[34, 28, 29, 30]"
"[34, 33, 31]"
"[34, 33, 32]"
"[34, 33]"
"[34, 35]"
"[34, 36]"
"[34, 37]"
"[34, 38]"
"[34, 39]"
"[34, 40]"
"[34, 3, 44, 41]"
"[34, 47, 42]"
"[34, 2, 3, 43]"
"[34, 3, 44]"
"[34, 47, 45]"
"[34, 49, 46]"
"[34, 47]"
"[34, 7, 48]"
"[34, 49]"
"[34, 50]"
"[34, 10, 51]"
"[34, 3, 52]"
"[34, 35, 76, 53]"
"[34, 10, 54]"
"[34, 60, 55]"
"[34, 50, 56]"
"[34, 50, 57]"
"[34, 58]"
"[34, 58, 59]"
"[34, 60]"
"[34, 20, 61]"
"[34, 20, 62]"
"[34, 20, 63]"
"[34, 21, 64]"
"[34, 82, 64, 65]"
"[34, 82, 80, 66]"
"[34, 77, 81, 67]"
"[34, 77, 81, 68]"
"[34, 75, 69]"
"[34, 77, 70]"
"[34, 75, 69, 71]"
"[34, 77, 72]"
"[34, 77, 72, 73]"
"[34, 77, 74]"
"[34, 75]"
"[34, 77, 76]"
"[34, 77]"
"[34, 77, 78]"
"[34, 38, 79]"
"[34, 75, 80]"
"[34, 77, 81]"
"[34, 82]"
"[35, 0]"
"[35, 1]"
"[35, 2]"
"[35, 3]"
"[35, 4]"
"[35, 5]"
"[35, 6]"
"[35, 7]"
"[35, 8]"
"[35, 9]"
"[35, 10]"
"[35, 3, 11]"
"[35, 7, 12]"
"[35, 10, 13]"
"[35, 34, 19, 14]"
"[35, 15]"
"[35, 15, 16]"
"[35, 17]"
"[35, 17, 18]"
"[35, 17, 19]"
"[35, 23, 20]"
"[35, 23, 21]"
"[35, 23, 22]"
"[35, 23]"
"[35, 24]"
"[35, 39, 25]"
"[35, 39, 26]"
"[35, 36, 40, 27]"
"[35, 24, 28]"
"[35, 24, 28, 29]"
"[35, 24, 28, 29, 30]"
"[35, 39, 36, 31]"
"[35, 39, 36, 32]"
"[35, 36, 33]"
"[35, 34]"
"[35, 36]"
"[35, 37]"
"[35, 38]"
"[35, 39]"
"[35, 37, 40]"
"[35, 41]"
"[35, 41, 42]"
"[35, 2, 3, 43]"
"[35, 44]"
"[35, 46, 45]"
"[35, 46]"
"[35, 47]"
"[35, 48]"
"[35, 49]"
"[35, 50]"
"[35, 10, 51]"
"[35, 44, 52]"
"[35, 76, 53]"
"[35, 10, 54]"
"[35, 75, 55]"
"[35, 50, 56]"
"[35, 50, 57]"
"[35, 17, 58]"
"[35, 75, 58, 59]"
"[35, 17, 60]"
"[35, 23, 61]"
"[35, 23, 62]"
"[35, 23, 63]"
"[35, 23, 64]"
"[35, 82, 64, 65]"
"[35, 82, 80, 66]"
"[35, 78, 81, 67]"
"[35, 41, 81, 68]"
"[35, 75, 69]"
"[35, 77, 70]"
"[35, 75, 69, 71]"
"[35, 77, 72]"
"[35, 77, 72, 73]"
"[35, 77, 74]"
"[35, 75]"
"[35, 76]"
"[35, 77]"
"[35, 78]"
"[35, 79]"
"[35, 78, 80]"
"[35, 78, 81]"
"[35, 82]"
"[36, 0]"
"[36, 1]"
"[36, 2]"
"[36, 3]"
"[36, 4]"
"[36, 5]"
"[36, 6]"
"[36, 7]"
"[36, 8]"
"[36, 9]"
"[36, 15, 10]"
"[36, 3, 11]"
"[36, 7, 12]"
"[36, 34, 10, 13]"
"[36, 19, 14]"
"[36, 15]"
"[36, 16]"
"[36, 17]"
"[36, 18]"
"[36, 19]"
"[36, 20]"
"[36, 21]"
"[36, 22]"
"[36, 23]"
"[36, 24]"
"[36, 25]"
"[36, 40, 26]"
"[36, 40, 27]"
"[36, 28]"
"[36, 29]"
"[36, 30]"
"[36, 31]"
"[36, 32]"
"[36, 33]"
"[36, 34]"
"[36, 35]"
"[36, 37]"
"[36, 38]"
"[36, 39]"
"[36, 40]"
"[36, 41]"
"[36, 41, 42]"
"[36, 2, 3, 43]"
"[36, 44]"
"[36, 46, 45]"
"[36, 46]"
"[36, 47]"
"[36, 7, 48]"
"[36, 46, 49]"
"[36, 46, 50]"
"[36, 60, 51]"
"[36, 44, 52]"
"[36, 35, 76, 53]"
"[36, 34, 10, 54]"
"[36, 60, 55]"
"[36, 74, 56]"
"[36, 58, 57]"
"[36, 58]"
"[36, 58, 59]"
"[36, 60]"
"[36, 61]"
"[36, 61, 62]"
"[36, 63]"
"[36, 61, 64]"
"[36, 82, 64, 65]"
"[36, 82, 80, 66]"
"[36, 78, 81, 67]"
"[36, 41, 81, 68]"
"[36, 63, 69]"
"[36, 74, 70]"
"[36, 74, 71]"
"[36, 74, 72]"
"[36, 74, 73]"
"[36, 74]"
"[36, 78, 75]"
"[36, 77, 76]"
"[36, 77]"
"[36, 78]"
"[36, 38, 79]"
"[36, 78, 80]"
"[36, 78, 81]"
"[36, 82]"
"[37, 0]"
"[37, 1]"
"[37, 2]"
"[37, 3]"
"[37, 4]"
"[37, 5]"
"[37, 6]"
"[37, 7]"
"[37, 8]"
"[37, 9]"
"[37, 15, 10]"
"[37, 3, 11]"
"[37, 7, 12]"
"[37, 34, 10, 13]"
"[37, 34, 19, 14]"
"[37, 15]"
"[37, 15, 16]"
"[37, 17]"
"[37, 18]"
"[37, 17, 19]"
"[37, 20]"
"[37, 21]"
"[37, 22]"
"[37, 23]"
"[37, 24]"
"[37, 25]"
"[37, 40, 26]"
"[37, 40, 27]"
"[37, 28]"
"[37, 29]"
"[37, 30]"
"[37, 29, 31]"
"[37, 30, 31, 32]"
"[37, 36, 33]"
"[37, 34]"
"[37, 35]"
"[37, 36]"
"[37, 38]"
"[37, 39]"
"[37, 40]"
"[37, 3, 44, 41]"
"[37, 47, 42]"
"[37, 2, 3, 43]"
"[37, 3, 44]"
"[37, 46, 45]"
"[37, 46]"
"[37, 47]"
"[37, 7, 48]"
"[37, 49]"
"[37, 49, 50]"
"[37, 60, 51]"
"[37, 3, 52]"
"[37, 76, 53]"
"[37, 34, 10, 54]"
"[37, 60, 55]"
"[37, 49, 56]"
"[37, 58, 57]"
"[37, 58]"
"[37, 58, 59]"
"[37, 60]"
"[37, 61]"
"[37, 61, 62]"
"[37, 63]"
"[37, 61, 64]"
"[37, 82, 64, 65]"
"[37, 82, 80, 66]"
"[37, 81, 67]"
"[37, 81, 68]"
"[37, 81, 65, 69]"
"[37, 81, 70]"
"[37, 63, 69, 71]"
"[37, 77, 72]"
"[37, 77, 72, 73]"
"[37, 77, 74]"
"[37, 78, 75]"
"[37, 76]"
"[37, 77]"
"[37, 78]"
"[37, 79]"
"[37, 81, 80]"
"[37, 81]"
"[37, 82]"
"[38, 0]"
"[38, 0, 1]"
"[38, 3, 2]"
"[38, 3]"
"[38, 0, 4]"
"[38, 36, 5]"
"[38, 11, 7, 6]"
"[38, 7]"
"[38, 9, 8]"
"[38, 9]"
"[38, 9, 10]"
"[38, 11]"
"[38, 12]"
"[38, 34, 10, 13]"
"[38, 34, 19, 14]"
"[38, 9, 15]"
"[38, 9, 16]"
"[38, 22, 17]"
"[38, 22, 18]"
"[38, 23, 19]"
"[38, 23, 20]"
"[38, 23, 21]"
"[38, 22]"
"[38, 23]"
"[38, 24]"
"[38, 39, 25]"
"[38, 40, 26]"
"[38, 40, 27]"
"[38, 24, 28]"
"[38, 24, 28, 29]"
"[38, 24, 28, 29, 30]"
"[38, 39, 36, 31]"
"[38, 39, 36, 32]"
"[38, 36, 33]"
"[38, 34]"
"[38, 35]"
"[38, 36]"
"[38, 37]"
"[38, 39]"
"[38, 40]"
"[38, 41]"
"[38, 41, 42]"
"[38, 44, 43]"
"[38, 44]"
"[38, 41, 45]"
"[38, 50, 46]"
"[38, 41, 47]"
"[38, 7, 48]"
"[38, 50, 49]"
"[38, 50]"
"[38, 50, 51]"
"[38, 11, 52]"
"[38, 12, 53]"
"[38, 34, 10, 54]"
"[38, 34, 60, 55]"
"[38, 50, 56]"
"[38, 50, 57]"
"[38, 50, 58]"
"[38, 50, 59]"
"[38, 23, 60]"
"[38, 23, 61]"
"[38, 23, 62]"
"[38, 23, 63]"
"[38, 23, 64]"
"[38, 82, 64, 65]"
"[38, 82, 80, 66]"
"[38, 81, 67]"
"[38, 81, 68]"
"[38, 81, 65, 69]"
"[38, 81, 70]"
"[38, 50, 71]"
"[38, 77, 72]"
"[38, 77, 72, 73]"
"[38, 77, 74]"
"[38, 78, 75]"
"[38, 76]"
"[38, 77]"
"[38, 78]"
"[38, 79]"
"[38, 81, 80]"
"[38, 81]"
"[38, 82]"
"[39, 38, 0]"
"[39, 6, 1]"
"[39, 43, 3, 2]"
"[39, 44, 3]"
"[39, 6, 4]"
"[39, 36, 5]"
"[39, 6]"
"[39, 6, 7]"
"[39, 9, 8]"
"[39, 9]"
"[39, 15, 10]"
"[39, 44, 11]"
"[39, 35, 7, 12]"
"[39, 34, 10, 13]"
"[39, 14]"
"[39, 15]"
"[39, 15, 16]"
"[39, 17]"
"[39, 18]"
"[39, 19]"
"[39, 20]"
"[39, 21]"
"[39, 22]"
"[39, 23]"
"[39, 24]"
"[39, 25]"
"[39, 26]"
"[39, 27]"
"[39, 28]"
"[39, 28, 29]"
"[39, 28, 29, 30]"
"[39, 36, 31]"
"[39, 36, 32]"
"[39, 36, 33]"
"[39, 34]"
"[39, 35]"
"[39, 36]"
"[39, 37]"
"[39, 38]"
"[39, 40]"
"[39, 41]"
"[39, 41, 42]"
"[39, 43]"
"[39, 44]"
"[39, 41, 45]"
"[39, 74, 46]"
"[39, 41, 47]"
"[39, 35, 48]"
"[39, 74, 49]"
"[39, 74, 50]"
"[39, 60, 51]"
"[39, 44, 52]"
"[39, 35, 76, 53]"
"[39, 34, 10, 54]"
"[39, 14, 55]"
"[39, 74, 56]"
"[39, 58, 57]"
"[39, 58]"
"[39, 58, 59]"
"[39, 60]"
"[39, 61]"
"[39, 61, 62]"
"[39, 63]"
"[39, 61, 64]"
"[39, 66, 65]"
"[39, 66]"
"[39, 67]"
"[39, 67, 68]"
"[39, 66, 65, 69]"
"[39, 80, 70]"
"[39, 66, 65, 69, 71]"
"[39, 74, 72]"
"[39, 74, 73]"
"[39, 74]"
"[39, 78, 75]"
"[39, 77, 76]"
"[39, 77]"
"[39, 78]"
"[39, 38, 79]"
"[39, 80]"
"[39, 67, 81]"
"[39, 82]"
"[40, 0]"
"[40, 0, 1]"
"[40, 0, 2]"
"[40, 0, 3]"
"[40, 0, 4]"
"[40, 33, 5]"
"[40, 0, 6]"
"[40, 38, 7]"
"[40, 33, 9, 8]"
"[40, 33, 9]"
"[40, 17, 10]"
"[40, 0, 3, 11]"
"[40, 38, 12]"
"[40, 34, 10, 13]"
"[40, 34, 19, 14]"
"[40, 18, 15]"
"[40, 18, 16]"
"[40, 17]"
"[40, 18]"
"[40, 17, 19]"
"[40, 21, 20]"
"[40, 21]"
"[40, 22]"
"[40, 23]"
"[40, 24]"
"[40, 25]"
"[40, 26]"
"[40, 27]"
"[40, 28]"
"[40, 29]"
"[40, 29, 30]"
"[40, 31]"
"[40, 31, 32]"
"[40, 33]"
"[40, 34]"
"[40, 38, 35]"
"[40, 36]"
"[40, 37]"
"[40, 38]"
"[40, 39]"
"[40, 41]"
"[40, 41, 42]"
"[40, 41, 44, 43]"
"[40, 41, 44]"
"[40, 41, 45]"
"[40, 77, 46]"
"[40, 41, 47]"
"[40, 77, 48]"
"[40, 77, 49]"
"[40, 77, 50]"
"[40, 60, 51]"
"[40, 41, 44, 52]"
"[40, 38, 12, 53]"
"[40, 34, 10, 54]"
"[40, 60, 55]"
"[40, 58, 56]"
"[40, 58, 57]"
"[40, 58]"
"[40, 58, 59]"
"[40, 60]"
"[40, 21, 61]"
"[40, 21, 62]"
"[40, 21, 63]"
"[40, 21, 64]"
"[40, 82, 64, 65]"
"[40, 82, 80, 66]"
"[40, 77, 81, 67]"
"[40, 41, 81, 68]"
"[40, 82, 70, 69]"
"[40, 77, 70]"
"[40, 77, 69, 71]"
"[40, 77, 72]"
"[40, 77, 72, 73]"
"[40, 77, 74]"
"[40, 34, 75]"
"[40, 77, 76]"
"[40, 77]"
"[40, 77, 78]"
"[40, 38, 79]"
"[40, 82, 80]"
"[40, 77, 81]"
"[40, 82]"
"[41, 38, 0]"
"[41, 36, 1]"
"[41, 44, 43, 3, 2]"
"[41, 44, 3]"
"[41, 36, 4]"
"[41, 36, 5]"
"[41, 35, 6]"
"[41, 53, 7]"
"[41, 35, 8]"
"[41, 35, 9]"
"[41, 17, 10]"
"[41, 44, 11]"
"[41, 53, 12]"
"[41, 75, 51, 13]"
"[41, 60, 14]"
"[41, 18, 15]"
"[41, 18, 16]"
"[41, 17]"
"[41, 18]"
"[41, 17, 19]"
"[41, 21, 20]"
"[41, 21]"
"[41, 21, 22]"
"[41, 21, 23]"
"[41, 24]"
"[41, 39, 25]"
"[41, 40, 26]"
"[41, 40, 27]"
"[41, 24, 28]"
"[41, 24, 28, 29]"
"[41, 24, 28, 29, 30]"
"[41, 39, 36, 31]"
"[41, 39, 36, 32]"
"[41, 36, 33]"
"[41, 75, 34]"
"[41, 35]"
"[41, 36]"
"[41, 36, 37]"
"[41, 38]"
"[41, 39]"
"[41, 40]"
"[41, 42]"
"[41, 44, 43]"
"[41, 44]"
"[41, 45]"
"[41, 46]"
"[41, 47]"
"[41, 53, 48]"
"[41, 49]"
"[41, 50]"
"[41, 60, 51]"
"[41, 44, 52]"
"[41, 53]"
"[41, 75, 51, 54]"
"[41, 60, 55]"
"[41, 50, 56]"
"[41, 50, 57]"
"[41, 58]"
"[41, 59]"
"[41, 60]"
"[41, 61]"
"[41, 62]"
"[41, 63]"
"[41, 64]"
"[41, 65]"
"[41, 80, 66]"
"[41, 81, 67]"
"[41, 81, 68]"
"[41, 69]"
"[41, 70]"
"[41, 69, 71]"
"[41, 72]"
"[41, 72, 73]"
"[41, 74]"
"[41, 75]"
"[41, 76]"
"[41, 77]"
"[41, 78]"
"[41, 79]"
"[41, 80]"
"[41, 81]"
"[41, 82]"
"[42, 41, 38, 0]"
"[42, 41, 36, 1]"
"[42, 41, 44, 43, 3, 2]"
"[42, 41, 44, 3]"
"[42, 41, 36, 4]"
"[42, 75, 35, 5]"
"[42, 47, 6]"
"[42, 47, 7]"
"[42, 75, 9, 8]"
"[42, 75, 9]"
"[42, 58, 10]"
"[42, 41, 44, 11]"
"[42, 77, 7, 12]"
"[42, 75, 51, 13]"
"[42, 75, 55, 14]"
"[42, 75, 9, 15]"
"[42, 75, 9, 16]"
"[42, 58, 17]"
"[42, 62, 17, 18]"
"[42, 58, 19]"
"[42, 62, 20]"
"[42, 62, 21]"
"[42, 62, 22]"
"[42, 64, 23]"
"[42, 82, 24]"
"[42, 82, 39, 25]"
"[42, 82, 40, 26]"
"[42, 82, 40, 27]"
"[42, 82, 28]"
"[42, 82, 29]"
"[42, 82, 29, 30]"
"[42, 82, 29, 31]"
"[42, 82, 29, 31, 32]"
"[42, 75, 35, 36, 33]"
"[42, 75, 34]"
"[42, 75, 35]"
"[42, 75, 35, 36]"
"[42, 75, 35, 37]"
"[42, 77, 38]"
"[42, 82, 39]"
"[42, 82, 40]"
"[42, 41]"
"[42, 41, 44, 43]"
"[42, 41, 44]"
"[42, 45]"
"[42, 45, 46]"
"[42, 47]"
"[42, 47, 48]"
"[42, 74, 49]"
"[42, 74, 50]"
"[42, 58, 10, 51]"
"[42, 41, 44, 52]"
"[42, 77, 76, 53]"
"[42, 75, 51, 54]"
"[42, 75, 55]"
"[42, 74, 56]"
"[42, 58, 57]"
"[42, 58]"
"[42, 58, 59]"
"[42, 58, 60]"
"[42, 62, 61]"
"[42, 62]"
"[42, 63]"
"[42, 64]"
"[42, 65]"
"[42, 82, 80, 66]"
"[42, 77, 81, 67]"
"[42, 41, 81, 68]"
"[42, 69]"
"[42, 69, 70]"
"[42, 69, 71]"
"[42, 74, 72]"
"[42, 74, 73]"
"[42, 74]"
"[42, 75]"
"[42, 77, 76]"
"[42, 77]"
"[42, 77, 78]"
"[42, 77, 79]"
"[42, 75, 80]"
"[42, 77, 81]"
"[42, 82]"
"[43, 3, 0]"
"[43, 3, 0, 1]"
"[43, 3, 2]"
"[43, 3]"
"[43, 3, 6, 4]"
"[43, 39, 36, 5]"
"[43, 3, 6]"
"[43, 48, 7]"
"[43, 48, 8]"
"[43, 39, 9]"
"[43, 75, 51, 10]"
"[43, 3, 11]"
"[43, 48, 12]"
"[43, 75, 51, 13]"
"[43, 75, 55, 14]"
"[43, 39, 15]"
"[43, 39, 15, 16]"
"[43, 64, 19, 17]"
"[43, 39, 18]"
"[43, 64, 19]"
"[43, 64, 21, 20]"
"[43, 64, 21]"
"[43, 64, 22]"
"[43, 64, 23]"
"[43, 39, 24]"
"[43, 39, 25]"
"[43, 39, 26]"
"[43, 39, 27]"
"[43, 39, 28]"
"[43, 39, 28, 29]"
"[43, 39, 28, 29, 30]"
"[43, 39, 36, 31]"
"[43, 39, 36, 32]"
"[43, 39, 36, 33]"
"[43, 75, 34]"
"[43, 76, 35]"
"[43, 39, 36]"
"[43, 39, 37]"
"[43, 76, 38]"
"[43, 39]"
"[43, 39, 40]"
"[43, 44, 41]"
"[43, 47, 42]"
"[43, 44]"
"[43, 47, 45]"
"[43, 74, 46]"
"[43, 47]"
"[43, 48]"
"[43, 48, 49]"
"[43, 74, 50]"
"[43, 75, 51]"
"[43, 44, 52]"
"[43, 76, 53]"
"[43, 75, 51, 54]"
"[43, 75, 55]"
"[43, 74, 56]"
"[43, 69, 57]"
"[43, 63, 58]"
"[43, 63, 59]"
"[43, 64, 60]"
"[43, 63, 61]"
"[43, 64, 62]"
"[43, 63]"
"[43, 64]"
"[43, 69, 65]"
"[43, 82, 80, 66]"
"[43, 78, 81, 67]"
"[43, 77, 81, 68]"
"[43, 69]"
"[43, 69, 70]"
"[43, 69, 71]"
"[43, 74, 72]"
"[43, 74, 73]"
"[43, 74]"
"[43, 75]"
"[43, 76]"
"[43, 77]"
"[43, 78]"
"[43, 76, 79]"
"[43, 78, 80]"
"[43, 78, 81]"
"[43, 82]"
"[44, 3, 0]"
"[44, 6, 1]"
"[44, 43, 3, 2]"
"[44, 3]"
"[44, 6, 4]"
"[44, 36, 5]"
"[44, 6]"
"[44, 7]"
"[44, 7, 8]"
"[44, 35, 9]"
"[44, 54, 10]"
"[44, 11]"
"[44, 12]"
"[44, 54, 13]"
"[44, 55, 14]"
"[44, 18, 15]"
"[44, 18, 16]"
"[44, 18, 17]"
"[44, 18]"
"[44, 60, 19]"
"[44, 61, 20]"
"[44, 61, 21]"
"[44, 18, 22]"
"[44, 64, 23]"
"[44, 39, 24]"
"[44, 39, 25]"
"[44, 39, 26]"
"[44, 36, 40, 27]"
"[44, 39, 28]"
"[44, 39, 28, 29]"
"[44, 39, 28, 29, 30]"
"[44, 39, 36, 31]"
"[44, 39, 36, 32]"
"[44, 36, 33]"
"[44, 75, 34]"
"[44, 35]"
"[44, 36]"
"[44, 36, 37]"
"[44, 38]"
"[44, 39]"
"[44, 39, 40]"
"[44, 41]"
"[44, 41, 42]"
"[44, 43]"
"[44, 47, 45]"
"[44, 74, 46]"
"[44, 47]"
"[44, 48]"
"[44, 48, 49]"
"[44, 54, 50]"
"[44, 54, 51]"
"[44, 52]"
"[44, 53]"
"[44, 54]"
"[44, 55]"
"[44, 54, 56]"
"[44, 59, 57]"
"[44, 58]"
"[44, 59]"
"[44, 60]"
"[44, 61]"
"[44, 62]"
"[44, 63]"
"[44, 64]"
"[44, 65]"
"[44, 82, 80, 66]"
"[44, 81, 67]"
"[44, 81, 68]"
"[44, 69]"
"[44, 69, 70]"
"[44, 69, 71]"
"[44, 74, 72]"
"[44, 74, 73]"
"[44, 74]"
"[44, 75]"
"[44, 76]"
"[44, 77]"
"[44, 78]"
"[44, 79]"
"[44, 81, 80]"
"[44, 81]"
"[44, 82]"
"[45, 6, 0]"
"[45, 6, 1]"
"[45, 6, 2]"
"[45, 41, 44, 3]"
"[45, 6, 4]"
"[45, 6, 5]"
"[45, 6]"
"[45, 48, 7]"
"[45, 6, 8]"
"[45, 6, 9]"
"[45, 58, 10]"
"[45, 6, 3, 11]"
"[45, 48, 12]"
"[45, 75, 51, 13]"
"[45, 75, 55, 14]"
"[45, 75, 9, 15]"
"[45, 75, 9, 16]"
"[45, 58, 17]"
"[45, 64, 19, 17, 18]"
"[45, 58, 19]"
"[45, 64, 21, 20]"
"[45, 64, 21]"
"[45, 64, 22]"
"[45, 64, 23]"
"[45, 82, 24]"
"[45, 82, 39, 25]"
"[45, 82, 40, 26]"
"[45, 82, 40, 27]"
"[45, 82, 28]"
"[45, 82, 29]"
"[45, 82, 29, 30]"
"[45, 82, 29, 31]"
"[45, 82, 29, 31, 32]"
"[45, 76, 37, 36, 33]"
"[45, 75, 34]"
"[45, 76, 35]"
"[45, 76, 37, 36]"
"[45, 75, 35, 37]"
"[45, 76, 38]"
"[45, 82, 39]"
"[45, 82, 40]"
"[45, 41]"
"[45, 42]"
"[45, 41, 44, 43]"
"[45, 41, 44]"
"[45, 46]"
"[45, 47]"
"[45, 48]"
"[45, 49]"
"[45, 50]"
"[45, 56, 51]"
"[45, 41, 44, 52]"
"[45, 76, 53]"
"[45, 75, 51, 54]"
"[45, 75, 55]"
"[45, 56]"
"[45, 56, 57]"
"[45, 58]"
"[45, 59]"
"[45, 58, 60]"
"[45, 63, 61]"
"[45, 64, 62]"
"[45, 63]"
"[45, 64]"
"[45, 69, 65]"
"[45, 82, 80, 66]"
"[45, 78, 81, 67]"
"[45, 41, 81, 68]"
"[45, 69]"
"[45, 69, 70]"
"[45, 69, 71]"
"[45, 74, 72]"
"[45, 74, 73]"
"[45, 74]"
"[45, 75]"
"[45, 76]"
"[45, 77]"
"[45, 78]"
"[45, 76, 79]"
"[45, 78, 80]"
"[45, 78, 81]"
"[45, 82]"
"[46, 4, 0]"
"[46, 4, 1]"
"[46, 6, 2]"
"[46, 41, 44, 3]"
"[46, 4]"
"[46, 5]"
"[46, 6]"
"[46, 48, 7]"
"[46, 8]"
"[46, 8, 9]"
"[46, 8, 15, 10]"
"[46, 6, 3, 11]"
"[46, 35, 7, 12]"
"[46, 75, 51, 13]"
"[46, 75, 55, 14]"
"[46, 8, 15]"
"[46, 5, 16]"
"[46, 58, 17]"
"[46, 58, 18]"
"[46, 58, 19]"
"[46, 58, 20]"
"[46, 58, 21]"
"[46, 82, 22]"
"[46, 82, 23]"
"[46, 82, 24]"
"[46, 82, 39, 25]"
"[46, 37, 40, 26]"
"[46, 36, 40, 27]"
"[46, 82, 28]"
"[46, 37, 29]"
"[46, 37, 30]"
"[46, 36, 31]"
"[46, 36, 32]"
"[46, 36, 33]"
"[46, 37, 34]"
"[46, 35]"
"[46, 36]"
"[46, 37]"
"[46, 35, 38]"
"[46, 37, 39]"
"[46, 37, 40]"
"[46, 41]"
"[46, 45, 42]"
"[46, 41, 44, 43]"
"[46, 41, 44]"
"[46, 45]"
"[46, 47]"
"[46, 48]"
"[46, 49]"
"[46, 50]"
"[46, 56, 51]"
"[46, 41, 44, 52]"
"[46, 76, 53]"
"[46, 75, 51, 54]"
"[46, 75, 55]"
"[46, 56]"
"[46, 57]"
"[46, 58]"
"[46, 59]"
"[46, 58, 60]"
"[46, 59, 63, 61]"
"[46, 59, 63, 62]"
"[46, 59, 63]"
"[46, 69, 64]"
"[46, 69, 65]"
"[46, 82, 80, 66]"
"[46, 78, 81, 67]"
"[46, 41, 81, 68]"
"[46, 69]"
"[46, 70]"
"[46, 71]"
"[46, 72]"
"[46, 72, 73]"
"[46, 74]"
"[46, 75]"
"[46, 76]"
"[46, 77]"
"[46, 78]"
"[46, 76, 79]"
"[46, 78, 80]"
"[46, 78, 81]"
"[46, 82]"
"[47, 3, 0]"
"[47, 1]"
"[47, 43, 3, 2]"
"[47, 3]"
"[47, 4]"
"[47, 5]"
"[47, 6]"
"[47, 7]"
"[47, 8]"
"[47, 8, 9]"
"[47, 8, 15, 10]"
"[47, 3, 11]"
"[47, 7, 12]"
"[47, 34, 10, 13]"
"[47, 34, 19, 14]"
"[47, 8, 15]"
"[47, 29, 16]"
"[47, 58, 17]"
"[47, 29, 18]"
"[47, 58, 19]"
"[47, 64, 21, 20]"
"[47, 64, 21]"
"[47, 64, 22]"
"[47, 64, 23]"
"[47, 29, 28, 24]"
"[47, 82, 39, 25]"
"[47, 37, 40, 26]"
"[47, 36, 40, 27]"
"[47, 29, 28]"
"[47, 29]"
"[47, 29, 30]"
"[47, 29, 31]"
"[47, 29, 31, 32]"
"[47, 36, 33]"
"[47, 34]"
"[47, 35]"
"[47, 36]"
"[47, 37]"
"[47, 35, 38]"
"[47, 37, 39]"
"[47, 37, 40]"
"[47, 41]"
"[47, 42]"
"[47, 43]"
"[47, 44]"
"[47, 45]"
"[47, 46]"
"[47, 48]"
"[47, 49]"
"[47, 50]"
"[47, 58, 10, 51]"
"[47, 44, 52]"
"[47, 76, 53]"
"[47, 75, 51, 54]"
"[47, 75, 55]"
"[47, 50, 56]"
"[47, 50, 57]"
"[47, 58]"
"[47, 59]"
"[47, 58, 60]"
"[47, 63, 61]"
"[47, 64, 62]"
"[47, 63]"
"[47, 64]"
"[47, 65]"
"[47, 82, 80, 66]"
"[47, 78, 81, 67]"
"[47, 41, 81, 68]"
"[47, 69]"
"[47, 69, 70]"
"[47, 69, 71]"
"[47, 74, 72]"
"[47, 74, 73]"
"[47, 74]"
"[47, 75]"
"[47, 76]"
"[47, 77]"
"[47, 78]"
"[47, 76, 79]"
"[47, 78, 80]"
"[47, 78, 81]"
"[47, 82]"
"[48, 3, 0]"
"[48, 1]"
"[48, 43, 3, 2]"
"[48, 3]"
"[48, 4]"
"[48, 4, 5]"
"[48, 6]"
"[48, 7]"
"[48, 8]"
"[48, 9]"
"[48, 10]"
"[48, 52, 11]"
"[48, 12]"
"[48, 13]"
"[48, 55, 14]"
"[48, 9, 15]"
"[48, 9, 16]"
"[48, 60, 17]"
"[48, 60, 18]"
"[48, 60, 19]"
"[48, 64, 21, 20]"
"[48, 64, 21]"
"[48, 64, 22]"
"[48, 64, 23]"
"[48, 82, 24]"
"[48, 82, 39, 25]"
"[48, 82, 40, 26]"
"[48, 1, 36, 40, 27]"
"[48, 82, 28]"
"[48, 82, 29]"
"[48, 9, 30]"
"[48, 4, 31]"
"[48, 9, 33, 32]"
"[48, 35, 36, 33]"
"[48, 75, 34]"
"[48, 35]"
"[48, 35, 36]"
"[48, 35, 37]"
"[48, 35, 38]"
"[48, 82, 39]"
"[48, 35, 37, 40]"
"[48, 44, 41]"
"[48, 45, 42]"
"[48, 43]"
"[48, 44]"
"[48, 45]"
"[48, 46]"
"[48, 47]"
"[48, 49]"
"[48, 50]"
"[48, 51]"
"[48, 52]"
"[48, 53]"
"[48, 54]"
"[48, 55]"
"[48, 56]"
"[48, 56, 57]"
"[48, 58]"
"[48, 58, 59]"
"[48, 60]"
"[48, 63, 61]"
"[48, 64, 62]"
"[48, 63]"
"[48, 64]"
"[48, 69, 65]"
"[48, 66]"
"[48, 66, 67]"
"[48, 77, 81, 68]"
"[48, 69]"
"[48, 69, 70]"
"[48, 69, 71]"
"[48, 77, 72]"
"[48, 77, 72, 73]"
"[48, 77, 74]"
"[48, 75]"
"[48, 76]"
"[48, 77]"
"[48, 78]"
"[48, 76, 79]"
"[48, 66, 80]"
"[48, 78, 81]"
"[48, 82]"
"[49, 4, 0]"
"[49, 4, 1]"
"[49, 6, 2]"
"[49, 41, 44, 3]"
"[49, 4]"
"[49, 5]"
"[49, 6]"
"[49, 7]"
"[49, 8]"
"[49, 9]"
"[49, 9, 10]"
"[49, 6, 3, 11]"
"[49, 7, 12]"
"[49, 34, 10, 13]"
"[49, 34, 19, 14]"
"[49, 9, 15]"
"[49, 9, 16]"
"[49, 58, 17]"
"[49, 28, 18]"
"[49, 58, 19]"
"[49, 58, 20]"
"[49, 58, 21]"
"[49, 28, 22]"
"[49, 28, 22, 23]"
"[49, 28, 24]"
"[49, 82, 39, 25]"
"[49, 37, 40, 26]"
"[49, 37, 40, 27]"
"[49, 28]"
"[49, 29]"
"[49, 29, 30]"
"[49, 29, 31]"
"[49, 29, 31, 32]"
"[49, 37, 36, 33]"
"[49, 34]"
"[49, 35]"
"[49, 37, 36]"
"[49, 37]"
"[49, 35, 38]"
"[49, 37, 39]"
"[49, 37, 40]"
"[49, 41]"
"[49, 45, 42]"
"[49, 41, 44, 43]"
"[49, 41, 44]"
"[49, 45]"
"[49, 46]"
"[49, 47]"
"[49, 48]"
"[49, 50]"
"[49, 56, 51]"
"[49, 41, 44, 52]"
"[49, 76, 53]"
"[49, 75, 51, 54]"
"[49, 75, 55]"
"[49, 56]"
"[49, 56, 57]"
"[49, 58]"
"[49, 59]"
"[49, 58, 60]"
"[49, 59, 63, 61]"
"[49, 59, 63, 62]"
"[49, 59, 63]"
"[49, 69, 64]"
"[49, 69, 65]"
"[49, 82, 80, 66]"
"[49, 78, 81, 67]"
"[49, 41, 81, 68]"
"[49, 69]"
"[49, 70]"
"[49, 71]"
"[49, 72]"
"[49, 72, 73]"
"[49, 74]"
"[49, 75]"
"[49, 76]"
"[49, 77]"
"[49, 78]"
"[49, 76, 79]"
"[49, 78, 80]"
"[49, 78, 81]"
"[49, 82]"
"[50, 38, 0]"
"[50, 5, 1]"
"[50, 41, 44, 43, 3, 2]"
"[50, 41, 44, 3]"
"[50, 5, 4]"
"[50, 5]"
"[50, 7, 6]"
"[50, 7]"
"[50, 8]"
"[50, 9]"
"[50, 10]"
"[50, 38, 11]"
"[50, 7, 12]"
"[50, 13]"
"[50, 34, 19, 14]"
"[50, 15]"
"[50, 15, 16]"
"[50, 18, 17]"
"[50, 18]"
"[50, 18, 17, 19]"
"[50, 18, 61, 20]"
"[50, 18, 22, 21]"
"[50, 18, 22]"
"[50, 18, 22, 23]"
"[50, 28, 24]"
"[50, 82, 39, 25]"
"[50, 38, 40, 26]"
"[50, 38, 40, 27]"
"[50, 28]"
"[50, 28, 29]"
"[50, 28, 29, 30]"
"[50, 5, 31]"
"[50, 28, 31, 32]"
"[50, 5, 33]"
"[50, 34]"
"[50, 35]"
"[50, 35, 36]"
"[50, 35, 37]"
"[50, 38]"
"[50, 34, 39]"
"[50, 38, 40]"
"[50, 41]"
"[50, 45, 42]"
"[50, 41, 44, 43]"
"[50, 41, 44]"
"[50, 45]"
"[50, 46]"
"[50, 47]"
"[50, 48]"
"[50, 49]"
"[50, 51]"
"[50, 41, 44, 52]"
"[50, 76, 53]"
"[50, 54]"
"[50, 75, 55]"
"[50, 56]"
"[50, 57]"
"[50, 58]"
"[50, 59]"
"[50, 58, 60]"
"[50, 59, 63, 61]"
"[50, 59, 63, 62]"
"[50, 59, 63]"
"[50, 69, 64]"
"[50, 69, 65]"
"[50, 82, 80, 66]"
"[50, 78, 81, 67]"
"[50, 41, 81, 68]"
"[50, 69]"
"[50, 70]"
"[50, 71]"
"[50, 72]"
"[50, 73]"
"[50, 74]"
"[50, 75]"
"[50, 76]"
"[50, 77]"
"[50, 78]"
"[50, 79]"
"[50, 78, 80]"
"[50, 78, 81]"
"[50, 82]"
"[51, 76, 3, 0]"
"[51, 7, 1]"
"[51, 7, 2]"
"[51, 76, 3]"
"[51, 7, 4]"
"[51, 9, 5]"
"[51, 7, 6]"
"[51, 7]"
"[51, 9, 8]"
"[51, 9]"
"[51, 10]"
"[51, 7, 11]"
"[51, 7, 12]"
"[51, 13]"
"[51, 19, 14]"
"[51, 15]"
"[51, 15, 16]"
"[51, 17]"
"[51, 17, 18]"
"[51, 19]"
"[51, 19, 20]"
"[51, 19, 21]"
"[51, 19, 22]"
"[51, 19, 23]"
"[51, 82, 24]"
"[51, 82, 39, 25]"
"[51, 82, 40, 26]"
"[51, 82, 40, 27]"
"[51, 82, 28]"
"[51, 82, 29]"
"[51, 15, 30]"
"[51, 9, 33, 31]"
"[51, 15, 31, 32]"
"[51, 9, 33]"
"[51, 75, 34]"
"[51, 76, 35]"
"[51, 76, 37, 36]"
"[51, 75, 35, 37]"
"[51, 76, 38]"
"[51, 82, 39]"
"[51, 82, 40]"
"[51, 76, 41]"
"[51, 76, 45, 42]"
"[51, 48, 43]"
"[51, 76, 44]"
"[51, 76, 45]"
"[51, 50, 46]"
"[51, 48, 47]"
"[51, 48]"
"[51, 48, 49]"
"[51, 50]"
"[51, 76, 52]"
"[51, 76, 53]"
"[51, 54]"
"[51, 60, 55]"
"[51, 56]"
"[51, 56, 57]"
"[51, 60, 58]"
"[51, 60, 59]"
"[51, 60]"
"[51, 60, 61]"
"[51, 60, 62]"
"[51, 60, 63]"
"[51, 60, 64]"
"[51, 82, 64, 65]"
"[51, 82, 80, 66]"
"[51, 78, 81, 67]"
"[51, 78, 81, 68]"
"[51, 75, 69]"
"[51, 78, 70]"
"[51, 56, 71]"
"[51, 78, 72]"
"[51, 78, 73]"
"[51, 78, 74]"
"[51, 75]"
"[51, 76]"
"[51, 78, 77]"
"[51, 78]"
"[51, 76, 79]"
"[51, 78, 80]"
"[51, 78, 81]"
"[51, 82]"
"[52, 3, 0]"
"[52, 3, 0, 1]"
"[52, 3, 2]"
"[52, 3]"
"[52, 11, 3, 6, 4]"
"[52, 12, 7, 5]"
"[52, 11, 7, 6]"
"[52, 7]"
"[52, 7, 8]"
"[52, 12, 13, 9]"
"[52, 54, 10]"
"[52, 11]"
"[52, 12]"
"[52, 54, 13]"
"[52, 55, 14]"
"[52, 54, 15]"
"[52, 54, 15, 16]"
"[52, 60, 17]"
"[52, 60, 18]"
"[52, 60, 19]"
"[52, 60, 20]"
"[52, 55, 61, 21]"
"[52, 55, 61, 22]"
"[52, 55, 64, 23]"
"[52, 55, 14, 25, 24]"
"[52, 55, 14, 25]"
"[52, 79, 37, 40, 26]"
"[52, 79, 38, 40, 27]"
"[52, 55, 14, 25, 28]"
"[52, 55, 14, 39, 28, 29]"
"[52, 55, 14, 25, 28, 29, 30]"
"[52, 79, 37, 29, 31]"
"[52, 12, 14, 39, 36, 32]"
"[52, 12, 38, 36, 33]"
"[52, 54, 13, 14, 39, 34]"
"[52, 12, 38, 35]"
"[52, 79, 37, 36]"
"[52, 79, 37]"
"[52, 79, 38]"
"[52, 79, 37, 39]"
"[52, 79, 37, 40]"
"[52, 44, 41]"
"[52, 44, 41, 42]"
"[52, 44, 43]"
"[52, 44]"
"[52, 76, 45]"
"[52, 76, 46]"
"[52, 44, 47]"
"[52, 48]"
"[52, 48, 49]"
"[52, 54, 50]"
"[52, 54, 51]"
"[52, 53]"
"[52, 54]"
"[52, 55]"
"[52, 54, 56]"
"[52, 55, 58, 57]"
"[52, 60, 58]"
"[52, 60, 59]"
"[52, 60]"
"[52, 60, 61]"
"[52, 60, 62]"
"[52, 60, 63]"
"[52, 55, 64]"
"[52, 55, 66, 65]"
"[52, 55, 66]"
"[52, 79, 81, 67]"
"[52, 79, 81, 68]"
"[52, 55, 66, 65, 69]"
"[52, 55, 80, 70]"
"[52, 55, 66, 65, 69, 71]"
"[52, 76, 77, 72]"
"[52, 76, 80, 72, 73]"
"[52, 76, 77, 74]"
"[52, 55, 75]"
"[52, 76]"
"[52, 76, 77]"
"[52, 76, 78]"
"[52, 79]"
"[52, 79, 80]"
"[52, 79, 81]"
"[52, 55, 66, 80, 82]"
"[53, 11, 3, 0]"
"[53, 11, 3, 0, 1]"
"[53, 44, 43, 3, 2]"
"[53, 44, 3]"
"[53, 11, 3, 6, 4]"
"[53, 12, 7, 5]"
"[53, 11, 7, 6]"
"[53, 7]"
"[53, 7, 8]"
"[53, 13, 9]"
"[53, 13, 10]"
"[53, 11]"
"[53, 12]"
"[53, 13]"
"[53, 55, 14]"
"[53, 13, 15]"
"[53, 13, 15, 16]"
"[53, 60, 17]"
"[53, 60, 18]"
"[53, 60, 19]"
"[53, 64, 21, 20]"
"[53, 64, 21]"
"[53, 64, 22]"
"[53, 64, 23]"
"[53, 64, 23, 24]"
"[53, 55, 14, 25]"
"[53, 79, 37, 40, 26]"
"[53, 79, 38, 40, 27]"
"[53, 55, 14, 25, 28]"
"[53, 13, 14, 39, 28, 29]"
"[53, 13, 15, 30]"
"[53, 13, 9, 33, 31]"
"[53, 13, 15, 31, 32]"
"[53, 12, 38, 36, 33]"
"[53, 13, 14, 39, 34]"
"[53, 12, 38, 35]"
"[53, 79, 37, 36]"
"[53, 79, 37]"
"[53, 79, 38]"
"[53, 79, 37, 39]"
"[53, 79, 37, 40]"
"[53, 41]"
"[53, 41, 42]"
"[53, 44, 43]"
"[53, 44]"
"[53, 41, 45]"
"[53, 76, 46]"
"[53, 52, 44, 47]"
"[53, 48]"
"[53, 48, 49]"
"[53, 54, 50]"
"[53, 54, 51]"
"[53, 52]"
"[53, 54]"
"[53, 55]"
"[53, 54, 56]"
"[53, 55, 58, 57]"
"[53, 60, 58]"
"[53, 60, 59]"
"[53, 60]"
"[53, 64, 61]"
"[53, 64, 62]"
"[53, 64, 63]"
"[53, 64]"
"[53, 64, 65]"
"[53, 64, 66]"
"[53, 79, 81, 67]"
"[53, 41, 81, 68]"
"[53, 64, 69]"
"[53, 64, 70]"
"[53, 64, 69, 71]"
"[53, 76, 77, 72]"
"[53, 76, 80, 72, 73]"
"[53, 76, 77, 74]"
"[53, 55, 75]"
"[53, 76]"
"[53, 76, 77]"
"[53, 76, 78]"
"[53, 79]"
"[53, 79, 80]"
"[53, 79, 81]"
"[53, 55, 66, 80, 82]"
"[54, 44, 3, 0]"
"[54, 52, 3, 0, 1]"
"[54, 44, 43, 3, 2]"
"[54, 44, 3]"
"[54, 7, 4]"
"[54, 9, 5]"
"[54, 7, 6]"
"[54, 7]"
"[54, 9, 8]"
"[54, 9]"
"[54, 10]"
"[54, 52, 11]"
"[54, 53, 12]"
"[54, 13]"
"[54, 55, 14]"
"[54, 15]"
"[54, 15, 16]"
"[54, 19, 17]"
"[54, 19, 17, 18]"
"[54, 19]"
"[54, 19, 20]"
"[54, 19, 21]"
"[54, 19, 22]"
"[54, 19, 23]"
"[54, 19, 25, 24]"
"[54, 55, 14, 25]"
"[54, 76, 37, 40, 26]"
"[54, 44, 36, 40, 27]"
"[54, 15, 28]"
"[54, 15, 29]"
"[54, 15, 30]"
"[54, 9, 33, 31]"
"[54, 15, 31, 32]"
"[54, 9, 33]"
"[54, 13, 14, 39, 34]"
"[54, 76, 35]"
"[54, 76, 37, 36]"
"[54, 76, 37]"
"[54, 76, 38]"
"[54, 13, 14, 39]"
"[54, 76, 37, 40]"
"[54, 44, 41]"
"[54, 44, 41, 42]"
"[54, 44, 43]"
"[54, 44]"
"[54, 76, 45]"
"[54, 50, 46]"
"[54, 52, 44, 47]"
"[54, 48]"
"[54, 48, 49]"
"[54, 50]"
"[54, 51]"
"[54, 52]"
"[54, 53]"
"[54, 55]"
"[54, 56]"
"[54, 56, 57]"
"[54, 60, 58]"
"[54, 60, 59]"
"[54, 60]"
"[54, 60, 61]"
"[54, 60, 62]"
"[54, 60, 63]"
"[54, 55, 64]"
"[54, 55, 66, 65]"
"[54, 55, 66]"
"[54, 76, 81, 67]"
"[54, 44, 81, 68]"
"[54, 55, 66, 65, 69]"
"[54, 56, 70]"
"[54, 56, 71]"
"[54, 76, 77, 72]"
"[54, 56, 73]"
"[54, 76, 77, 74]"
"[54, 55, 75]"
"[54, 76]"
"[54, 76, 77]"
"[54, 76, 78]"
"[54, 76, 79]"
"[54, 76, 80]"
"[54, 76, 81]"
"[54, 55, 66, 80, 82]"
"[55, 44, 3, 0]"
"[55, 52, 3, 0, 1]"
"[55, 44, 43, 3, 2]"
"[55, 44, 3]"
"[55, 52, 11, 3, 6, 4]"
"[55, 13, 9, 5]"
"[55, 52, 11, 7, 6]"
"[55, 48, 7]"
"[55, 13, 9, 8]"
"[55, 13, 9]"
"[55, 13, 10]"
"[55, 52, 11]"
"[55, 53, 12]"
"[55, 13]"
"[55, 14]"
"[55, 13, 15]"
"[55, 19, 14, 13, 15, 16]"
"[55, 17]"
"[55, 17, 18]"
"[55, 19]"
"[55, 61, 20]"
"[55, 61, 21]"
"[55, 61, 22]"
"[55, 64, 23]"
"[55, 14, 25, 24]"
"[55, 14, 25]"
"[55, 79, 37, 40, 26]"
"[55, 79, 38, 40, 27]"
"[55, 14, 25, 28]"
"[55, 14, 39, 28, 29]"
"[55, 14, 25, 28, 29, 30]"
"[55, 14, 39, 36, 31]"
"[55, 14, 39, 36, 32]"
"[55, 79, 37, 36, 33]"
"[55, 75, 34]"
"[55, 53, 12, 38, 35]"
"[55, 79, 37, 36]"
"[55, 79, 37]"
"[55, 79, 38]"
"[55, 75, 34, 39]"
"[55, 79, 37, 40]"
"[55, 44, 41]"
"[55, 44, 41, 42]"
"[55, 44, 43]"
"[55, 44]"
"[55, 52, 76, 45]"
"[55, 53, 76, 46]"
"[55, 52, 44, 47]"
"[55, 48]"
"[55, 48, 49]"
"[55, 54, 50]"
"[55, 54, 51]"
"[55, 52]"
"[55, 53]"
"[55, 54]"
"[55, 54, 56]"
"[55, 58, 57]"
"[55, 58]"
"[55, 58, 59]"
"[55, 60]"
"[55, 61]"
"[55, 61, 62]"
"[55, 61, 63]"
"[55, 64]"
"[55, 66, 65]"
"[55, 66]"
"[55, 67]"
"[55, 67, 68]"
"[55, 66, 65, 69]"
"[55, 80, 70]"
"[55, 66, 65, 69, 71]"
"[55, 80, 72]"
"[55, 80, 72, 73]"
"[55, 79, 77, 74]"
"[55, 75]"
"[55, 79, 76]"
"[55, 79, 77]"
"[55, 79, 78]"
"[55, 79]"
"[55, 80]"
"[55, 67, 81]"
"[55, 66, 80, 82]"
"[56, 76, 3, 0]"
"[56, 76, 6, 1]"
"[56, 48, 43, 3, 2]"
"[56, 76, 3]"
"[56, 9, 6, 4]"
"[56, 9, 5]"
"[56, 48, 6]"
"[56, 48, 7]"
"[56, 9, 8]"
"[56, 9]"
"[56, 10]"
"[56, 76, 52, 11]"
"[56, 48, 12]"
"[56, 13]"
"[56, 19, 14]"
"[56, 15]"
"[56, 15, 16]"
"[56, 17]"
"[56, 17, 18]"
"[56, 19]"
"[56, 19, 20]"
"[56, 19, 21]"
"[56, 19, 22]"
"[56, 19, 23]"
"[56, 82, 24]"
"[56, 82, 39, 25]"
"[56, 82, 40, 26]"
"[56, 82, 40, 27]"
"[56, 82, 28]"
"[56, 82, 29]"
"[56, 15, 30]"
"[56, 9, 33, 31]"
"[56, 15, 31, 32]"
"[56, 9, 33]"
"[56, 75, 34]"
"[56, 76, 35]"
"[56, 76, 37, 36]"
"[56, 75, 35, 37]"
"[56, 76, 38]"
"[56, 82, 39]"
"[56, 82, 40]"
"[56, 45, 41]"
"[56, 45, 42]"
"[56, 45, 41, 44, 43]"
"[56, 76, 44]"
"[56, 45]"
"[56, 46]"
"[56, 45, 47]"
"[56, 48]"
"[56, 49]"
"[56, 50]"
"[56, 51]"
"[56, 76, 52]"
"[56, 76, 53]"
"[56, 54]"
"[56, 60, 55]"
"[56, 57]"
"[56, 58]"
"[56, 59]"
"[56, 60]"
"[56, 60, 61]"
"[56, 59, 63, 62]"
"[56, 59, 63]"
"[56, 69, 64]"
"[56, 69, 65]"
"[56, 80, 66]"
"[56, 80, 67]"
"[56, 77, 81, 68]"
"[56, 69]"
"[56, 70]"
"[56, 71]"
"[56, 72]"
"[56, 73]"
"[56, 74]"
"[56, 75]"
"[56, 76]"
"[56, 77]"
"[56, 78]"
"[56, 76, 79]"
"[56, 80]"
"[56, 78, 81]"
"[56, 82]"
"[57, 78, 38, 0]"
"[57, 78, 6, 1]"
"[57, 77, 43, 3, 2]"
"[57, 77, 44, 3]"
"[57, 78, 6, 4]"
"[57, 78, 36, 5]"
"[57, 78, 6]"
"[57, 46, 48, 7]"
"[57, 78, 9, 8]"
"[57, 78, 9]"
"[57, 58, 10]"
"[57, 77, 44, 11]"
"[57, 78, 35, 7, 12]"
"[57, 78, 51, 13]"
"[57, 58, 55, 14]"
"[57, 58, 15]"
"[57, 58, 15, 16]"
"[57, 58, 17]"
"[57, 58, 18]"
"[57, 58, 19]"
"[57, 58, 20]"
"[57, 58, 21]"
"[57, 58, 22]"
"[57, 58, 23]"
"[57, 78, 39, 24]"
"[57, 78, 39, 25]"
"[57, 78, 39, 26]"
"[57, 78, 36, 40, 27]"
"[57, 78, 39, 28]"
"[57, 78, 39, 28, 29]"
"[57, 78, 39, 28, 29, 30]"
"[57, 78, 39, 36, 31]"
"[57, 78, 39, 36, 32]"
"[57, 78, 36, 33]"
"[57, 78, 37, 34]"
"[57, 78, 35]"
"[57, 78, 36]"
"[57, 78, 37]"
"[57, 78, 38]"
"[57, 78, 39]"
"[57, 78, 37, 40]"
"[57, 77, 41]"
"[57, 46, 45, 42]"
"[57, 46, 41, 44, 43]"
"[57, 77, 44]"
"[57, 46, 45]"
"[57, 46]"
"[57, 46, 47]"
"[57, 46, 48]"
"[57, 50, 49]"
"[57, 50]"
"[57, 56, 51]"
"[57, 77, 44, 52]"
"[57, 77, 76, 53]"
"[57, 50, 54]"
"[57, 58, 55]"
"[57, 56]"
"[57, 58]"
"[57, 59]"
"[57, 58, 60]"
"[57, 59, 63, 61]"
"[57, 59, 63, 62]"
"[57, 59, 63]"
"[57, 69, 64]"
"[57, 69, 65]"
"[57, 69, 65, 66]"
"[57, 78, 81, 67]"
"[57, 77, 81, 68]"
"[57, 69]"
"[57, 70]"
"[57, 71]"
"[57, 72]"
"[57, 73]"
"[57, 74]"
"[57, 78, 75]"
"[57, 77, 76]"
"[57, 77]"
"[57, 78]"
"[57, 78, 79]"
"[57, 78, 80]"
"[57, 78, 81]"
"[57, 78, 82]"
"[58, 44, 3, 0]"
"[58, 36, 1]"
"[58, 44, 43, 3, 2]"
"[58, 44, 3]"
"[58, 36, 4]"
"[58, 36, 5]"
"[58, 36, 6]"
"[58, 48, 7]"
"[58, 15, 8]"
"[58, 15, 9]"
"[58, 10]"
"[58, 44, 11]"
"[58, 48, 12]"
"[58, 10, 13]"
"[58, 55, 14]"
"[58, 15]"
"[58, 15, 16]"
"[58, 17]"
"[58, 18]"
"[58, 19]"
"[58, 20]"
"[58, 21]"
"[58, 22]"
"[58, 23]"
"[58, 23, 24]"
"[58, 39, 25]"
"[58, 40, 26]"
"[58, 40, 27]"
"[58, 39, 28]"
"[58, 39, 28, 29]"
"[58, 39, 28, 29, 30]"
"[58, 39, 36, 31]"
"[58, 39, 36, 32]"
"[58, 36, 33]"
"[58, 34]"
"[58, 36, 35]"
"[58, 36]"
"[58, 37]"
"[58, 37, 38]"
"[58, 39]"
"[58, 40]"
"[58, 41]"
"[58, 42]"
"[58, 44, 43]"
"[58, 44]"
"[58, 45]"
"[58, 46]"
"[58, 47]"
"[58, 48]"
"[58, 49]"
"[58, 50]"
"[58, 10, 51]"
"[58, 44, 52]"
"[58, 76, 53]"
"[58, 10, 54]"
"[58, 55]"
"[58, 56]"
"[58, 57]"
"[58, 59]"
"[58, 60]"
"[58, 61]"
"[58, 62]"
"[58, 63]"
"[58, 64]"
"[58, 65]"
"[58, 80, 66]"
"[58, 80, 67]"
"[58, 41, 81, 68]"
"[58, 69]"
"[58, 70]"
"[58, 69, 71]"
"[58, 72]"
"[58, 73]"
"[58, 74]"
"[58, 75]"
"[58, 76]"
"[58, 77]"
"[58, 78]"
"[58, 76, 79]"
"[58, 80]"
"[58, 78, 81]"
"[58, 82]"
"[59, 44, 3, 0]"
"[59, 44, 6, 1]"
"[59, 44, 43, 3, 2]"
"[59, 44, 3]"
"[59, 44, 6, 4]"
"[59, 9, 5]"
"[59, 44, 6]"
"[59, 49, 7]"
"[59, 9, 8]"
"[59, 9]"
"[59, 9, 10]"
"[59, 44, 11]"
"[59, 49, 7, 12]"
"[59, 9, 13]"
"[59, 60, 14]"
"[59, 9, 15]"
"[59, 9, 16]"
"[59, 60, 17]"
"[59, 60, 18]"
"[59, 60, 19]"
"[59, 60, 20]"
"[59, 63, 21]"
"[59, 63, 22]"
"[59, 82, 23]"
"[59, 82, 24]"
"[59, 82, 39, 25]"
"[59, 82, 40, 26]"
"[59, 82, 40, 27]"
"[59, 82, 28]"
"[59, 82, 29]"
"[59, 9, 30]"
"[59, 9, 33, 31]"
"[59, 9, 33, 32]"
"[59, 9, 33]"
"[59, 82, 34]"
"[59, 78, 35]"
"[59, 78, 36]"
"[59, 82, 37]"
"[59, 78, 38]"
"[59, 82, 39]"
"[59, 82, 40]"
"[59, 41]"
"[59, 45, 42]"
"[59, 44, 43]"
"[59, 44]"
"[59, 45]"
"[59, 46]"
"[59, 47]"
"[59, 49, 48]"
"[59, 49]"
"[59, 50]"
"[59, 60, 51]"
"[59, 44, 52]"
"[59, 49, 76, 53]"
"[59, 50, 54]"
"[59, 60, 55]"
"[59, 56]"
"[59, 57]"
"[59, 58]"
"[59, 60]"
"[59, 63, 61]"
"[59, 63, 62]"
"[59, 63]"
"[59, 63, 64]"
"[59, 65]"
"[59, 80, 66]"
"[59, 80, 67]"
"[59, 41, 81, 68]"
"[59, 69]"
"[59, 70]"
"[59, 71]"
"[59, 72]"
"[59, 73]"
"[59, 74]"
"[59, 78, 75]"
"[59, 77, 76]"
"[59, 77]"
"[59, 78]"
"[59, 78, 79]"
"[59, 80]"
"[59, 78, 81]"
"[59, 82]"
"[60, 44, 3, 0]"
"[60, 36, 1]"
"[60, 44, 43, 3, 2]"
"[60, 44, 3]"
"[60, 36, 4]"
"[60, 36, 5]"
"[60, 52, 11, 7, 6]"
"[60, 48, 7]"
"[60, 15, 8]"
"[60, 15, 9]"
"[60, 10]"
"[60, 52, 11]"
"[60, 53, 12]"
"[60, 13]"
"[60, 14]"
"[60, 15]"
"[60, 15, 16]"
"[60, 17]"
"[60, 18]"
"[60, 19]"
"[60, 20]"
"[60, 21]"
"[60, 22]"
"[60, 23]"
"[60, 23, 24]"
"[60, 39, 25]"
"[60, 40, 26]"
"[60, 40, 27]"
"[60, 39, 28]"
"[60, 39, 28, 29]"
"[60, 39, 28, 29, 30]"
"[60, 39, 36, 31]"
"[60, 39, 36, 32]"
"[60, 36, 33]"
"[60, 34]"
"[60, 36, 35]"
"[60, 36]"
"[60, 37]"
"[60, 79, 38]"
"[60, 39]"
"[60, 40]"
"[60, 41]"
"[60, 41, 42]"
"[60, 44, 43]"
"[60, 44]"
"[60, 41, 45]"
"[60, 77, 46]"
"[60, 52, 44, 47]"
"[60, 48]"
"[60, 48, 49]"
"[60, 56, 50]"
"[60, 51]"
"[60, 52]"
"[60, 53]"
"[60, 54]"
"[60, 55]"
"[60, 56]"
"[60, 56, 57]"
"[60, 58]"
"[60, 59]"
"[60, 61]"
"[60, 62]"
"[60, 63]"
"[60, 64]"
"[60, 66, 65]"
"[60, 66]"
"[60, 67]"
"[60, 67, 68]"
"[60, 66, 65, 69]"
"[60, 80, 70]"
"[60, 59, 71]"
"[60, 77, 72]"
"[60, 80, 72, 73]"
"[60, 77, 74]"
"[60, 75]"
"[60, 76]"
"[60, 77]"
"[60, 77, 78]"
"[60, 79]"
"[60, 80]"
"[60, 67, 81]"
"[60, 82]"
"[61, 44, 3, 0]"
"[61, 36, 1]"
"[61, 44, 43, 3, 2]"
"[61, 44, 3]"
"[61, 36, 4]"
"[61, 36, 5]"
"[61, 36, 6]"
"[61, 36, 7]"
"[61, 36, 8]"
"[61, 36, 9]"
"[61, 19, 10]"
"[61, 44, 11]"
"[61, 36, 7, 12]"
"[61, 75, 51, 13]"
"[61, 55, 14]"
"[61, 18, 15]"
"[61, 18, 16]"
"[61, 17]"
"[61, 18]"
"[61, 19]"
"[61, 20]"
"[61, 21]"
"[61, 22]"
"[61, 23]"
"[61, 23, 24]"
"[61, 39, 25]"
"[61, 39, 26]"
"[61, 36, 40, 27]"
"[61, 39, 28]"
"[61, 39, 28, 29]"
"[61, 39, 28, 29, 30]"
"[61, 39, 36, 31]"
"[61, 39, 36, 32]"
"[61, 36, 33]"
"[61, 37, 34]"
"[61, 36, 35]"
"[61, 36]"
"[61, 37]"
"[61, 37, 38]"
"[61, 39]"
"[61, 37, 40]"
"[61, 41]"
"[61, 41, 42]"
"[61, 44, 43]"
"[61, 44]"
"[61, 41, 45]"
"[61, 74, 46]"
"[61, 41, 47]"
"[61, 77, 48]"
"[61, 74, 49]"
"[61, 74, 50]"
"[61, 60, 51]"
"[61, 44, 52]"
"[61, 77, 76, 53]"
"[61, 75, 51, 54]"
"[61, 55]"
"[61, 74, 56]"
"[61, 58, 57]"
"[61, 58]"
"[61, 58, 59]"
"[61, 60]"
"[61, 62]"
"[61, 63]"
"[61, 64]"
"[61, 66, 65]"
"[61, 66]"
"[61, 80, 67]"
"[61, 41, 81, 68]"
"[61, 66, 65, 69]"
"[61, 80, 70]"
"[61, 66, 65, 69, 71]"
"[61, 74, 72]"
"[61, 74, 73]"
"[61, 74]"
"[61, 75]"
"[61, 77, 76]"
"[61, 77]"
"[61, 77, 78]"
"[61, 77, 79]"
"[61, 80]"
"[61, 80, 81]"
"[61, 82]"
"[62, 44, 3, 0]"
"[62, 44, 6, 1]"
"[62, 44, 43, 3, 2]"
"[62, 44, 3]"
"[62, 44, 6, 4]"
"[62, 44, 36, 5]"
"[62, 44, 6]"
"[62, 44, 7]"
"[62, 78, 9, 8]"
"[62, 19, 13, 9]"
"[62, 19, 10]"
"[62, 44, 11]"
"[62, 78, 35, 7, 12]"
"[62, 19, 13]"
"[62, 19, 14]"
"[62, 19, 10, 15]"
"[62, 19, 14, 13, 15, 16]"
"[62, 17]"
"[62, 17, 18]"
"[62, 19]"
"[62, 20]"
"[62, 21]"
"[62, 22]"
"[62, 23]"
"[62, 23, 24]"
"[62, 23, 25]"
"[62, 81, 37, 40, 26]"
"[62, 44, 36, 40, 27]"
"[62, 23, 24, 28]"
"[62, 23, 31, 29]"
"[62, 23, 24, 28, 29, 30]"
"[62, 78, 39, 36, 31]"
"[62, 19, 39, 36, 32]"
"[62, 78, 36, 33]"
"[62, 78, 37, 34]"
"[62, 78, 35]"
"[62, 78, 36]"
"[62, 78, 37]"
"[62, 78, 38]"
"[62, 78, 39]"
"[62, 78, 37, 40]"
"[62, 41]"
"[62, 42]"
"[62, 44, 43]"
"[62, 44]"
"[62, 42, 45]"
"[62, 74, 46]"
"[62, 42, 47]"
"[62, 77, 48]"
"[62, 74, 49]"
"[62, 74, 50]"
"[62, 60, 51]"
"[62, 44, 52]"
"[62, 77, 76, 53]"
"[62, 60, 54]"
"[62, 60, 55]"
"[62, 74, 56]"
"[62, 58, 57]"
"[62, 58]"
"[62, 58, 59]"
"[62, 60]"
"[62, 61]"
"[62, 63]"
"[62, 64]"
"[62, 65]"
"[62, 80, 66]"
"[62, 81, 67]"
"[62, 81, 68]"
"[62, 69]"
"[62, 70]"
"[62, 69, 71]"
"[62, 72]"
"[62, 72, 73]"
"[62, 74]"
"[62, 78, 75]"
"[62, 77, 76]"
"[62, 77]"
"[62, 78]"
"[62, 78, 79]"
"[62, 80]"
"[62, 81]"
"[62, 80, 82]"
"[63, 44, 3, 0]"
"[63, 36, 1]"
"[63, 43, 3, 2]"
"[63, 44, 3]"
"[63, 36, 4]"
"[63, 36, 5]"
"[63, 36, 6]"
"[63, 48, 7]"
"[63, 9, 8]"
"[63, 9]"
"[63, 19, 10]"
"[63, 44, 11]"
"[63, 48, 12]"
"[63, 9, 13]"
"[63, 19, 14]"
"[63, 9, 15]"
"[63, 18, 16]"
"[63, 17]"
"[63, 18]"
"[63, 19]"
"[63, 20]"
"[63, 21]"
"[63, 22]"
"[63, 23]"
"[63, 23, 24]"
"[63, 39, 25]"
"[63, 39, 26]"
"[63, 36, 40, 27]"
"[63, 39, 28]"
"[63, 39, 28, 29]"
"[63, 39, 28, 29, 30]"
"[63, 39, 36, 31]"
"[63, 39, 36, 32]"
"[63, 36, 33]"
"[63, 37, 34]"
"[63, 36, 35]"
"[63, 36]"
"[63, 37]"
"[63, 79, 38]"
"[63, 39]"
"[63, 37, 40]"
"[63, 41]"
"[63, 42]"
"[63, 43]"
"[63, 44]"
"[63, 45]"
"[63, 45, 46]"
"[63, 47]"
"[63, 48]"
"[63, 48, 49]"
"[63, 74, 50]"
"[63, 60, 51]"
"[63, 44, 52]"
"[63, 76, 53]"
"[63, 75, 51, 54]"
"[63, 60, 55]"
"[63, 73, 56]"
"[63, 73, 57]"
"[63, 58]"
"[63, 59]"
"[63, 60]"
"[63, 61]"
"[63, 62]"
"[63, 64]"
"[63, 65]"
"[63, 80, 66]"
"[63, 81, 67]"
"[63, 81, 68]"
"[63, 69]"
"[63, 70]"
"[63, 69, 71]"
"[63, 72]"
"[63, 73]"
"[63, 74]"
"[63, 75]"
"[63, 76]"
"[63, 77]"
"[63, 78]"
"[63, 79]"
"[63, 80]"
"[63, 81]"
"[63, 82]"
"[64, 44, 3, 0]"
"[64, 44, 6, 1]"
"[64, 43, 3, 2]"
"[64, 44, 3]"
"[64, 53, 11, 3, 6, 4]"
"[64, 53, 12, 7, 5]"
"[64, 53, 11, 7, 6]"
"[64, 48, 7]"
"[64, 53, 7, 8]"
"[64, 53, 13, 9]"
"[64, 19, 10]"
"[64, 44, 11]"
"[64, 53, 12]"
"[64, 55, 13]"
"[64, 55, 14]"
"[64, 19, 10, 15]"
"[64, 19, 14, 13, 15, 16]"
"[64, 19, 17]"
"[64, 19, 17, 18]"
"[64, 19]"
"[64, 21, 20]"
"[64, 21]"
"[64, 22]"
"[64, 23]"
"[64, 23, 24]"
"[64, 82, 39, 25]"
"[64, 82, 40, 26]"
"[64, 82, 40, 27]"
"[64, 23, 24, 28]"
"[64, 82, 29]"
"[64, 23, 24, 28, 29, 30]"
"[64, 82, 29, 31]"
"[64, 82, 29, 31, 32]"
"[64, 53, 12, 38, 36, 33]"
"[64, 82, 34]"
"[64, 53, 12, 38, 35]"
"[64, 53, 79, 37, 36]"
"[64, 82, 37]"
"[64, 78, 38]"
"[64, 82, 39]"
"[64, 82, 40]"
"[64, 41]"
"[64, 42]"
"[64, 43]"
"[64, 44]"
"[64, 45]"
"[64, 45, 46]"
"[64, 47]"
"[64, 48]"
"[64, 48, 49]"
"[64, 74, 50]"
"[64, 60, 51]"
"[64, 44, 52]"
"[64, 53]"
"[64, 55, 54]"
"[64, 55]"
"[64, 74, 56]"
"[64, 58, 57]"
"[64, 58]"
"[64, 58, 59]"
"[64, 60]"
"[64, 61]"
"[64, 62]"
"[64, 63]"
"[64, 65]"
"[64, 66]"
"[64, 67]"
"[64, 67, 68]"
"[64, 69]"
"[64, 70]"
"[64, 69, 71]"
"[64, 72]"
"[64, 72, 73]"
"[64, 74]"
"[64, 78, 75]"
"[64, 77, 76]"
"[64, 77]"
"[64, 78]"
"[64, 78, 79]"
"[64, 80]"
"[64, 81]"
"[64, 82]"
"[65, 44, 3, 0]"
"[65, 44, 6, 1]"
"[65, 44, 43, 3, 2]"
"[65, 44, 3]"
"[65, 44, 6, 4]"
"[65, 44, 36, 5]"
"[65, 44, 6]"
"[65, 47, 7]"
"[65, 77, 9, 8]"
"[65, 77, 9]"
"[65, 58, 10]"
"[65, 44, 11]"
"[65, 77, 7, 12]"
"[65, 77, 34, 10, 13]"
"[65, 64, 55, 14]"
"[65, 58, 15]"
"[65, 58, 15, 16]"
"[65, 58, 17]"
"[65, 62, 17, 18]"
"[65, 58, 19]"
"[65, 62, 20]"
"[65, 62, 21]"
"[65, 62, 22]"
"[65, 64, 23]"
"[65, 64, 23, 24]"
"[65, 66, 39, 25]"
"[65, 81, 37, 40, 26]"
"[65, 44, 36, 40, 27]"
"[65, 64, 23, 24, 28]"
"[65, 66, 39, 28, 29]"
"[65, 64, 23, 24, 28, 29, 30]"
"[65, 81, 37, 29, 31]"
"[65, 81, 37, 30, 31, 32]"
"[65, 77, 36, 33]"
"[65, 80, 75, 34]"
"[65, 77, 35]"
"[65, 77, 36]"
"[65, 77, 37]"
"[65, 77, 38]"
"[65, 66, 39]"
"[65, 81, 37, 40]"
"[65, 41]"
"[65, 42]"
"[65, 44, 43]"
"[65, 44]"
"[65, 42, 45]"
"[65, 74, 46]"
"[65, 47]"
"[65, 47, 48]"
"[65, 74, 49]"
"[65, 74, 50]"
"[65, 58, 10, 51]"
"[65, 44, 52]"
"[65, 77, 76, 53]"
"[65, 74, 75, 51, 54]"
"[65, 64, 55]"
"[65, 73, 56]"
"[65, 73, 57]"
"[65, 58]"
"[65, 59]"
"[65, 58, 60]"
"[65, 62, 61]"
"[65, 62]"
"[65, 63]"
"[65, 64]"
"[65, 66]"
"[65, 67]"
"[65, 67, 68]"
"[65, 69]"
"[65, 70]"
"[65, 69, 71]"
"[65, 72]"
"[65, 73]"
"[65, 74]"
"[65, 80, 75]"
"[65, 77, 76]"
"[65, 77]"
"[65, 77, 78]"
"[65, 77, 79]"
"[65, 80]"
"[65, 81]"
"[65, 66, 80, 82]"
"[66, 39, 38, 0]"
"[66, 39, 6, 1]"
"[66, 48, 43, 3, 2]"
"[66, 48, 3]"
"[66, 39, 6, 4]"
"[66, 39, 36, 5]"
"[66, 48, 6]"
"[66, 48, 7]"
"[66, 48, 8]"
"[66, 39, 9]"
"[66, 60, 10]"
"[66, 48, 52, 11]"
"[66, 48, 12]"
"[66, 55, 13]"
"[66, 55, 14]"
"[66, 39, 15]"
"[66, 39, 15, 16]"
"[66, 60, 17]"
"[66, 61, 18]"
"[66, 60, 19]"
"[66, 61, 20]"
"[66, 61, 21]"
"[66, 61, 22]"
"[66, 64, 23]"
"[66, 39, 24]"
"[66, 39, 25]"
"[66, 39, 26]"
"[66, 39, 27]"
"[66, 39, 28]"
"[66, 39, 28, 29]"
"[66, 39, 28, 29, 30]"
"[66, 39, 36, 31]"
"[66, 39, 36, 32]"
"[66, 39, 36, 33]"
"[66, 39, 34]"
"[66, 39, 35]"
"[66, 39, 36]"
"[66, 39, 37]"
"[66, 39, 38]"
"[66, 39]"
"[66, 39, 40]"
"[66, 67, 68, 74, 41]"
"[66, 67, 68, 74, 42]"
"[66, 48, 43]"
"[66, 48, 44]"
"[66, 48, 45]"
"[66, 48, 46]"
"[66, 48, 47]"
"[66, 48]"
"[66, 48, 49]"
"[66, 48, 50]"
"[66, 60, 51]"
"[66, 48, 52]"
"[66, 48, 53]"
"[66, 55, 54]"
"[66, 55]"
"[66, 55, 54, 56]"
"[66, 55, 58, 57]"
"[66, 60, 58]"
"[66, 60, 59]"
"[66, 60]"
"[66, 61]"
"[66, 61, 62]"
"[66, 61, 63]"
"[66, 64]"
"[66, 65]"
"[66, 67]"
"[66, 67, 68]"
"[66, 65, 69]"
"[66, 65, 70]"
"[66, 65, 69, 71]"
"[66, 80, 72]"
"[66, 80, 72, 73]"
"[66, 80, 74]"
"[66, 80, 75]"
"[66, 48, 76]"
"[66, 80, 77]"
"[66, 80, 78]"
"[66, 67, 81, 79]"
"[66, 80]"
"[66, 67, 81]"
"[66, 80, 82]"
"[67, 39, 38, 0]"
"[67, 39, 6, 1]"
"[67, 68, 81, 44, 43, 3, 2]"
"[67, 68, 81, 44, 3]"
"[67, 39, 6, 4]"
"[67, 39, 36, 5]"
"[67, 39, 6]"
"[67, 81, 76, 7]"
"[67, 39, 9, 8]"
"[67, 39, 9]"
"[67, 60, 10]"
"[67, 81, 44, 11]"
"[67, 81, 76, 53, 12]"
"[67, 55, 13]"
"[67, 55, 14]"
"[67, 39, 15]"
"[67, 39, 15, 16]"
"[67, 60, 17]"
"[67, 60, 18]"
"[67, 60, 19]"
"[67, 64, 21, 20]"
"[67, 64, 21]"
"[67, 64, 22]"
"[67, 64, 23]"
"[67, 39, 24]"
"[67, 39, 25]"
"[67, 39, 26]"
"[67, 39, 27]"
"[67, 39, 28]"
"[67, 39, 28, 29]"
"[67, 39, 28, 29, 30]"
"[67, 39, 36, 31]"
"[67, 39, 36, 32]"
"[67, 39, 36, 33]"
"[67, 39, 34]"
"[67, 39, 35]"
"[67, 39, 36]"
"[67, 39, 37]"
"[67, 81, 38]"
"[67, 39]"
"[67, 39, 40]"
"[67, 68, 74, 41]"
"[67, 68, 74, 42]"
"[67, 68, 74, 43]"
"[67, 68, 81, 44]"
"[67, 68, 74, 45]"
"[67, 81, 74, 46]"
"[67, 68, 74, 47]"
"[67, 81, 76, 48]"
"[67, 81, 76, 49]"
"[67, 55, 54, 50]"
"[67, 60, 51]"
"[67, 68, 74, 44, 52]"
"[67, 81, 76, 53]"
"[67, 55, 54]"
"[67, 55]"
"[67, 55, 54, 56]"
"[67, 55, 58, 57]"
"[67, 60, 58]"
"[67, 60, 59]"
"[67, 60]"
"[67, 64, 61]"
"[67, 64, 62]"
"[67, 64, 63]"
"[67, 64]"
"[67, 65]"
"[67, 66]"
"[67, 68]"
"[67, 65, 69]"
"[67, 65, 70]"
"[67, 65, 69, 71]"
"[67, 80, 72]"
"[67, 80, 72, 73]"
"[67, 81, 74]"
"[67, 80, 75]"
"[67, 81, 76]"
"[67, 81, 77]"
"[67, 81, 78]"
"[67, 81, 79]"
"[67, 80]"
"[67, 81]"
"[67, 66, 80, 82]"
"[68, 81, 38, 0]"
"[68, 81, 38, 0, 1]"
"[68, 81, 44, 43, 3, 2]"
"[68, 81, 44, 3]"
"[68, 81, 38, 0, 4]"
"[68, 81, 37, 5]"
"[68, 74, 36, 6]"
"[68, 74, 49, 7]"
"[68, 74, 9, 8]"
"[68, 74, 9]"
"[68, 74, 9, 10]"
"[68, 74, 44, 11]"
"[68, 74, 36, 7, 12]"
"[68, 74, 9, 13]"
"[68, 80, 55, 14]"
"[68, 74, 9, 15]"
"[68, 80, 39, 15, 16]"
"[68, 80, 60, 17]"
"[68, 80, 61, 18]"
"[68, 80, 60, 19]"
"[68, 80, 61, 20]"
"[68, 80, 61, 21]"
"[68, 80, 61, 22]"
"[68, 80, 64, 23]"
"[68, 80, 39, 24]"
"[68, 80, 39, 25]"
"[68, 81, 37, 40, 26]"
"[68, 81, 38, 40, 27]"
"[68, 80, 39, 28]"
"[68, 80, 39, 28, 29]"
"[68, 80, 39, 28, 29, 30]"
"[68, 81, 37, 29, 31]"
"[68, 81, 37, 30, 31, 32]"
"[68, 81, 37, 36, 33]"
"[68, 80, 75, 34]"
"[68, 74, 36, 35]"
"[68, 81, 37, 36]"
"[68, 81, 37]"
"[68, 81, 38]"
"[68, 80, 39]"
"[68, 81, 37, 40]"
"[68, 74, 41]"
"[68, 74, 42]"
"[68, 74, 43]"
"[68, 81, 44]"
"[68, 74, 45]"
"[68, 74, 46]"
"[68, 74, 47]"
"[68, 74, 49, 48]"
"[68, 74, 49]"
"[68, 74, 50]"
"[68, 74, 56, 51]"
"[68, 74, 44, 52]"
"[68, 74, 49, 76, 53]"
"[68, 74, 75, 51, 54]"
"[68, 80, 55]"
"[68, 74, 56]"
"[68, 70, 57]"
"[68, 80, 58]"
"[68, 70, 59]"
"[68, 80, 60]"
"[68, 80, 61]"
"[68, 80, 62]"
"[68, 70, 63]"
"[68, 80, 64]"
"[68, 70, 65]"
"[68, 80, 66]"
"[68, 67]"
"[68, 70, 69]"
"[68, 70]"
"[68, 70, 71]"
"[68, 72]"
"[68, 72, 73]"
"[68, 74]"
"[68, 80, 75]"
"[68, 74, 77, 76]"
"[68, 74, 77]"
"[68, 74, 78]"
"[68, 81, 79]"
"[68, 80]"
"[68, 81]"
"[68, 80, 82]"
"[69, 44, 3, 0]"
"[69, 44, 6, 1]"
"[69, 43, 3, 2]"
"[69, 44, 3]"
"[69, 44, 6, 4]"
"[69, 9, 5]"
"[69, 44, 6]"
"[69, 48, 7]"
"[69, 9, 8]"
"[69, 9]"
"[69, 10]"
"[69, 44, 11]"
"[69, 48, 12]"
"[69, 10, 13]"
"[69, 75, 55, 14]"
"[69, 9, 15]"
"[69, 9, 16]"
"[69, 10, 17]"
"[69, 10, 17, 18]"
"[69, 10, 19]"
"[69, 62, 20]"
"[69, 62, 21]"
"[69, 62, 22]"
"[69, 64, 23]"
"[69, 64, 23, 24]"
"[69, 75, 82, 39, 25]"
"[69, 78, 39, 26]"
"[69, 44, 36, 40, 27]"
"[69, 75, 34, 28]"
"[69, 9, 29]"
"[69, 9, 30]"
"[69, 9, 33, 31]"
"[69, 9, 33, 32]"
"[69, 9, 33]"
"[69, 75, 34]"
"[69, 78, 35]"
"[69, 75, 35, 36]"
"[69, 75, 35, 37]"
"[69, 78, 38]"
"[69, 75, 34, 39]"
"[69, 75, 34, 40]"
"[69, 41]"
"[69, 42]"
"[69, 43]"
"[69, 44]"
"[69, 45]"
"[69, 46]"
"[69, 47]"
"[69, 48]"
"[69, 49]"
"[69, 50]"
"[69, 10, 51]"
"[69, 44, 52]"
"[69, 48, 53]"
"[69, 10, 54]"
"[69, 75, 55]"
"[69, 56]"
"[69, 57]"
"[69, 58]"
"[69, 59]"
"[69, 58, 60]"
"[69, 62, 61]"
"[69, 62]"
"[69, 63]"
"[69, 64]"
"[69, 65]"
"[69, 65, 66]"
"[69, 78, 81, 67]"
"[69, 41, 81, 68]"
"[69, 70]"
"[69, 71]"
"[69, 72]"
"[69, 72, 73]"
"[69, 74]"
"[69, 75]"
"[69, 77, 76]"
"[69, 77]"
"[69, 78]"
"[69, 78, 79]"
"[69, 78, 80]"
"[69, 78, 81]"
"[69, 75, 82]"
"[70, 79, 3, 0]"
"[70, 79, 3, 0, 1]"
"[70, 41, 44, 43, 3, 2]"
"[70, 41, 44, 3]"
"[70, 79, 11, 3, 6, 4]"
"[70, 79, 35, 5]"
"[70, 79, 11, 7, 6]"
"[70, 49, 7]"
"[70, 49, 8]"
"[70, 75, 9]"
"[70, 58, 10]"
"[70, 79, 11]"
"[70, 79, 12]"
"[70, 75, 51, 13]"
"[70, 75, 55, 14]"
"[70, 75, 9, 15]"
"[70, 75, 9, 16]"
"[70, 58, 17]"
"[70, 62, 17, 18]"
"[70, 58, 19]"
"[70, 62, 20]"
"[70, 62, 21]"
"[70, 62, 22]"
"[70, 64, 23]"
"[70, 82, 24]"
"[70, 82, 39, 25]"
"[70, 82, 40, 26]"
"[70, 79, 38, 40, 27]"
"[70, 82, 28]"
"[70, 82, 29]"
"[70, 82, 29, 30]"
"[70, 82, 29, 31]"
"[70, 82, 29, 31, 32]"
"[70, 79, 37, 36, 33]"
"[70, 75, 34]"
"[70, 79, 35]"
"[70, 79, 37, 36]"
"[70, 79, 37]"
"[70, 79, 38]"
"[70, 82, 39]"
"[70, 82, 40]"
"[70, 41]"
"[70, 41, 42]"
"[70, 41, 44, 43]"
"[70, 41, 44]"
"[70, 46, 45]"
"[70, 46]"
"[70, 41, 47]"
"[70, 49, 48]"
"[70, 49]"
"[70, 50]"
"[70, 56, 51]"
"[70, 41, 44, 52]"
"[70, 79, 53]"
"[70, 75, 51, 54]"
"[70, 75, 55]"
"[70, 56]"
"[70, 57]"
"[70, 58]"
"[70, 59]"
"[70, 58, 60]"
"[70, 62, 61]"
"[70, 62]"
"[70, 63]"
"[70, 64]"
"[70, 65]"
"[70, 80, 66]"
"[70, 81, 67]"
"[70, 68]"
"[70, 69]"
"[70, 71]"
"[70, 72]"
"[70, 73]"
"[70, 74]"
"[70, 75]"
"[70, 79, 76]"
"[70, 77]"
"[70, 78]"
"[70, 79]"
"[70, 80]"
"[70, 81]"
"[70, 82]"
"[71, 74, 44, 3, 0]"
"[71, 74, 36, 1]"
"[71, 46, 6, 2]"
"[71, 74, 44, 3]"
"[71, 74, 36, 4]"
"[71, 49, 5]"
"[71, 49, 6]"
"[71, 49, 7]"
"[71, 49, 8]"
"[71, 49, 9]"
"[71, 56, 10]"
"[71, 46, 6, 3, 11]"
"[71, 49, 7, 12]"
"[71, 50, 13]"
"[71, 59, 60, 14]"
"[71, 49, 9, 15]"
"[71, 56, 15, 16]"
"[71, 59, 60, 17]"
"[71, 59, 60, 18]"
"[71, 59, 60, 19]"
"[71, 59, 60, 20]"
"[71, 59, 63, 21]"
"[71, 59, 63, 22]"
"[71, 59, 82, 23]"
"[71, 69, 64, 23, 24]"
"[71, 74, 39, 25]"
"[71, 74, 39, 26]"
"[71, 74, 36, 40, 27]"
"[71, 74, 39, 28]"
"[71, 74, 39, 28, 29]"
"[71, 74, 39, 28, 29, 30]"
"[71, 74, 39, 36, 31]"
"[71, 74, 39, 36, 32]"
"[71, 74, 36, 33]"
"[71, 74, 75, 34]"
"[71, 74, 36, 35]"
"[71, 74, 36]"
"[71, 74, 36, 37]"
"[71, 74, 36, 38]"
"[71, 74, 39]"
"[71, 74, 39, 40]"
"[71, 46, 41]"
"[71, 46, 45, 42]"
"[71, 46, 41, 44, 43]"
"[71, 46, 41, 44]"
"[71, 46, 45]"
"[71, 46]"
"[71, 46, 47]"
"[71, 49, 48]"
"[71, 49]"
"[71, 50]"
"[71, 56, 51]"
"[71, 46, 41, 44, 52]"
"[71, 49, 76, 53]"
"[71, 50, 54]"
"[71, 59, 60, 55]"
"[71, 56]"
"[71, 57]"
"[71, 59, 58]"
"[71, 59]"
"[71, 59, 60]"
"[71, 59, 63, 61]"
"[71, 59, 63, 62]"
"[71, 59, 63]"
"[71, 69, 64]"
"[71, 69, 65]"
"[71, 69, 65, 66]"
"[71, 72, 81, 67]"
"[71, 74, 68]"
"[71, 69]"
"[71, 70]"
"[71, 72]"
"[71, 72, 73]"
"[71, 74]"
"[71, 74, 75]"
"[71, 74, 77, 76]"
"[71, 74, 77]"
"[71, 74, 78]"
"[71, 74, 78, 79]"
"[71, 72, 80]"
"[71, 74, 81]"
"[71, 74, 80, 82]"
"[72, 41, 38, 0]"
"[72, 41, 36, 1]"
"[72, 41, 44, 43, 3, 2]"
"[72, 41, 44, 3]"
"[72, 41, 36, 4]"
"[72, 75, 35, 5]"
"[72, 41, 35, 6]"
"[72, 49, 7]"
"[72, 49, 8]"
"[72, 75, 9]"
"[72, 58, 10]"
"[72, 41, 44, 11]"
"[72, 49, 7, 12]"
"[72, 75, 51, 13]"
"[72, 75, 55, 14]"
"[72, 75, 9, 15]"
"[72, 75, 9, 16]"
"[72, 58, 17]"
"[72, 62, 17, 18]"
"[72, 58, 19]"
"[72, 62, 20]"
"[72, 62, 21]"
"[72, 62, 22]"
"[72, 64, 23]"
"[72, 82, 24]"
"[72, 82, 39, 25]"
"[72, 82, 40, 26]"
"[72, 82, 40, 27]"
"[72, 82, 28]"
"[72, 82, 29]"
"[72, 82, 29, 30]"
"[72, 82, 29, 31]"
"[72, 82, 29, 31, 32]"
"[72, 75, 35, 36, 33]"
"[72, 75, 34]"
"[72, 78, 35]"
"[72, 75, 35, 36]"
"[72, 75, 35, 37]"
"[72, 78, 38]"
"[72, 82, 39]"
"[72, 82, 40]"
"[72, 41]"
"[72, 41, 42]"
"[72, 41, 44, 43]"
"[72, 41, 44]"
"[72, 46, 45]"
"[72, 46]"
"[72, 41, 47]"
"[72, 49, 48]"
"[72, 49]"
"[72, 50]"
"[72, 56, 51]"
"[72, 41, 44, 52]"
"[72, 49, 76, 53]"
"[72, 75, 51, 54]"
"[72, 75, 55]"
"[72, 56]"
"[72, 57]"
"[72, 58]"
"[72, 59]"
"[72, 58, 60]"
"[72, 62, 61]"
"[72, 62]"
"[72, 63]"
"[72, 64]"
"[72, 65]"
"[72, 80, 66]"
"[72, 81, 67]"
"[72, 68]"
"[72, 69]"
"[72, 70]"
"[72, 71]"
"[72, 73]"
"[72, 74]"
"[72, 75]"
"[72, 77, 76]"
"[72, 77]"
"[72, 78]"
"[72, 78, 79]"
"[72, 80]"
"[72, 81]"
"[72, 82]"
"[73, 78, 38, 0]"
"[73, 9, 6, 1]"
"[73, 78, 43, 3, 2]"
"[73, 78, 44, 3]"
"[73, 9, 6, 4]"
"[73, 9, 5]"
"[73, 9, 6]"
"[73, 9, 7]"
"[73, 9, 8]"
"[73, 9]"
"[73, 9, 10]"
"[73, 78, 44, 11]"
"[73, 78, 35, 7, 12]"
"[73, 9, 13]"
"[73, 58, 55, 14]"
"[73, 9, 15]"
"[73, 9, 16]"
"[73, 58, 17]"
"[73, 9, 18]"
"[73, 58, 19]"
"[73, 63, 20]"
"[73, 63, 21]"
"[73, 63, 22]"
"[73, 63, 23]"
"[73, 65, 64, 23, 24]"
"[73, 78, 39, 25]"
"[73, 78, 39, 26]"
"[73, 78, 36, 40, 27]"
"[73, 9, 28]"
"[73, 9, 29]"
"[73, 9, 30]"
"[73, 9, 33, 31]"
"[73, 9, 33, 32]"
"[73, 9, 33]"
"[73, 78, 37, 34]"
"[73, 78, 35]"
"[73, 78, 36]"
"[73, 78, 37]"
"[73, 78, 38]"
"[73, 78, 39]"
"[73, 78, 37, 40]"
"[73, 74, 41]"
"[73, 74, 42]"
"[73, 78, 43]"
"[73, 78, 44]"
"[73, 74, 45]"
"[73, 74, 46]"
"[73, 74, 47]"
"[73, 50, 48]"
"[73, 50, 49]"
"[73, 50]"
"[73, 56, 51]"
"[73, 78, 44, 52]"
"[73, 78, 76, 53]"
"[73, 50, 54]"
"[73, 58, 55]"
"[73, 56]"
"[73, 57]"
"[73, 58]"
"[73, 59]"
"[73, 58, 60]"
"[73, 63, 61]"
"[73, 63, 62]"
"[73, 63]"
"[73, 63, 64]"
"[73, 65]"
"[73, 65, 66]"
"[73, 78, 81, 67]"
"[73, 78, 81, 68]"
"[73, 65, 69]"
"[73, 70]"
"[73, 70, 71]"
"[73, 72]"
"[73, 74]"
"[73, 78, 75]"
"[73, 78, 76]"
"[73, 78, 77]"
"[73, 78]"
"[73, 78, 79]"
"[73, 78, 80]"
"[73, 78, 81]"
"[73, 78, 82]"
"[74, 44, 3, 0]"
"[74, 36, 1]"
"[74, 43, 3, 2]"
"[74, 44, 3]"
"[74, 36, 4]"
"[74, 36, 5]"
"[74, 36, 6]"
"[74, 49, 7]"
"[74, 9, 8]"
"[74, 9]"
"[74, 9, 10]"
"[74, 44, 11]"
"[74, 36, 7, 12]"
"[74, 9, 13]"
"[74, 75, 55, 14]"
"[74, 9, 15]"
"[74, 18, 16]"
"[74, 18, 17]"
"[74, 18]"
"[74, 18, 17, 19]"
"[74, 61, 20]"
"[74, 61, 21]"
"[74, 18, 22]"
"[74, 64, 23]"
"[74, 39, 24]"
"[74, 39, 25]"
"[74, 39, 26]"
"[74, 36, 40, 27]"
"[74, 39, 28]"
"[74, 39, 28, 29]"
"[74, 39, 28, 29, 30]"
"[74, 39, 36, 31]"
"[74, 39, 36, 32]"
"[74, 36, 33]"
"[74, 75, 34]"
"[74, 36, 35]"
"[74, 36]"
"[74, 36, 37]"
"[74, 36, 38]"
"[74, 39]"
"[74, 39, 40]"
"[74, 41]"
"[74, 42]"
"[74, 43]"
"[74, 44]"
"[74, 45]"
"[74, 46]"
"[74, 47]"
"[74, 49, 48]"
"[74, 49]"
"[74, 50]"
"[74, 56, 51]"
"[74, 44, 52]"
"[74, 49, 76, 53]"
"[74, 75, 51, 54]"
"[74, 75, 55]"
"[74, 56]"
"[74, 57]"
"[74, 58]"
"[74, 59]"
"[74, 58, 60]"
"[74, 61]"
"[74, 62]"
"[74, 63]"
"[74, 64]"
"[74, 65]"
"[74, 80, 66]"
"[74, 81, 67]"
"[74, 68]"
"[74, 69]"
"[74, 70]"
"[74, 71]"
"[74, 72]"
"[74, 73]"
"[74, 75]"
"[74, 77, 76]"
"[74, 77]"
"[74, 78]"
"[74, 78, 79]"
"[74, 80]"
"[74, 81]"
"[74, 80, 82]"
"[75, 44, 3, 0]"
"[75, 6, 1]"
"[75, 43, 3, 2]"
"[75, 44, 3]"
"[75, 6, 4]"
"[75, 35, 5]"
"[75, 6]"
"[75, 7]"
"[75, 9, 8]"
"[75, 9]"
"[75, 51, 10]"
"[75, 44, 11]"
"[75, 7, 12]"
"[75, 51, 13]"
"[75, 55, 14]"
"[75, 9, 15]"
"[75, 9, 16]"
"[75, 17]"
"[75, 17, 18]"
"[75, 19]"
"[75, 61, 20]"
"[75, 61, 21]"
"[75, 61, 22]"
"[75, 61, 23]"
"[75, 82, 24]"
"[75, 82, 39, 25]"
"[75, 82, 40, 26]"
"[75, 79, 38, 40, 27]"
"[75, 34, 28]"
"[75, 34, 28, 29]"
"[75, 34, 28, 29, 30]"
"[75, 34, 33, 31]"
"[75, 34, 33, 32]"
"[75, 35, 36, 33]"
"[75, 34]"
"[75, 35]"
"[75, 35, 36]"
"[75, 35, 37]"
"[75, 79, 38]"
"[75, 34, 39]"
"[75, 34, 40]"
"[75, 41]"
"[75, 42]"
"[75, 43]"
"[75, 44]"
"[75, 45]"
"[75, 46]"
"[75, 47]"
"[75, 48]"
"[75, 49]"
"[75, 50]"
"[75, 51]"
"[75, 44, 52]"
"[75, 76, 53]"
"[75, 51, 54]"
"[75, 55]"
"[75, 56]"
"[75, 56, 57]"
"[75, 58]"
"[75, 58, 59]"
"[75, 60]"
"[75, 61]"
"[75, 61, 62]"
"[75, 63]"
"[75, 61, 64]"
"[75, 69, 65]"
"[75, 80, 66]"
"[75, 81, 67]"
"[75, 81, 68]"
"[75, 69]"
"[75, 70]"
"[75, 69, 71]"
"[75, 72]"
"[75, 72, 73]"
"[75, 74]"
"[75, 76]"
"[75, 77]"
"[75, 78]"
"[75, 79]"
"[75, 80]"
"[75, 81]"
"[75, 82]"
"[76, 3, 0]"
"[76, 6, 1]"
"[76, 43, 3, 2]"
"[76, 3]"
"[76, 6, 4]"
"[76, 35, 5]"
"[76, 6]"
"[76, 7]"
"[76, 9, 8]"
"[76, 9]"
"[76, 51, 10]"
"[76, 52, 11]"
"[76, 53, 12]"
"[76, 54, 13]"
"[76, 60, 14]"
"[76, 9, 15]"
"[76, 9, 16]"
"[76, 60, 17]"
"[76, 60, 18]"
"[76, 60, 19]"
"[76, 60, 20]"
"[76, 63, 21]"
"[76, 63, 22]"
"[76, 82, 23]"
"[76, 82, 24]"
"[76, 82, 39, 25]"
"[76, 37, 40, 26]"
"[76, 38, 40, 27]"
"[76, 82, 28]"
"[76, 37, 29]"
"[76, 37, 30]"
"[76, 37, 29, 31]"
"[76, 37, 30, 31, 32]"
"[76, 37, 36, 33]"
"[76, 37, 34]"
"[76, 35]"
"[76, 37, 36]"
"[76, 37]"
"[76, 38]"
"[76, 37, 39]"
"[76, 37, 40]"
"[76, 41]"
"[76, 45, 42]"
"[76, 43]"
"[76, 44]"
"[76, 45]"
"[76, 46]"
"[76, 47]"
"[76, 48]"
"[76, 49]"
"[76, 50]"
"[76, 51]"
"[76, 52]"
"[76, 53]"
"[76, 54]"
"[76, 60, 55]"
"[76, 56]"
"[76, 56, 57]"
"[76, 58]"
"[76, 58, 59]"
"[76, 60]"
"[76, 63, 61]"
"[76, 63, 62]"
"[76, 63]"
"[76, 63, 64]"
"[76, 80, 65]"
"[76, 80, 66]"
"[76, 81, 67]"
"[76, 81, 68]"
"[76, 80, 65, 69]"
"[76, 80, 70]"
"[76, 80, 70, 71]"
"[76, 77, 72]"
"[76, 80, 72, 73]"
"[76, 77, 74]"
"[76, 75]"
"[76, 77]"
"[76, 78]"
"[76, 79]"
"[76, 80]"
"[76, 81]"
"[76, 82]"
"[77, 38, 0]"
"[77, 6, 1]"
"[77, 43, 3, 2]"
"[77, 44, 3]"
"[77, 6, 4]"
"[77, 36, 5]"
"[77, 6]"
"[77, 7]"
"[77, 9, 8]"
"[77, 9]"
"[77, 9, 10]"
"[77, 44, 11]"
"[77, 7, 12]"
"[77, 34, 10, 13]"
"[77, 34, 19, 14]"
"[77, 9, 15]"
"[77, 18, 16]"
"[77, 17]"
"[77, 18]"
"[77, 17, 19]"
"[77, 61, 20]"
"[77, 61, 21]"
"[77, 18, 22]"
"[77, 64, 23]"
"[77, 39, 24]"
"[77, 39, 25]"
"[77, 40, 26]"
"[77, 40, 27]"
"[77, 39, 28]"
"[77, 39, 28, 29]"
"[77, 39, 28, 29, 30]"
"[77, 39, 36, 31]"
"[77, 39, 36, 32]"
"[77, 36, 33]"
"[77, 34]"
"[77, 35]"
"[77, 36]"
"[77, 37]"
"[77, 38]"
"[77, 39]"
"[77, 40]"
"[77, 41]"
"[77, 42]"
"[77, 43]"
"[77, 44]"
"[77, 45]"
"[77, 46]"
"[77, 47]"
"[77, 48]"
"[77, 49]"
"[77, 50]"
"[77, 60, 51]"
"[77, 44, 52]"
"[77, 76, 53]"
"[77, 75, 51, 54]"
"[77, 60, 55]"
"[77, 56]"
"[77, 57]"
"[77, 58]"
"[77, 59]"
"[77, 60]"
"[77, 61]"
"[77, 62]"
"[77, 63]"
"[77, 64]"
"[77, 65]"
"[77, 80, 66]"
"[77, 81, 67]"
"[77, 81, 68]"
"[77, 69]"
"[77, 70]"
"[77, 69, 71]"
"[77, 72]"
"[77, 72, 73]"
"[77, 74]"
"[77, 75]"
"[77, 76]"
"[77, 78]"
"[77, 79]"
"[77, 80]"
"[77, 81]"
"[77, 82]"
"[78, 38, 0]"
"[78, 6, 1]"
"[78, 43, 3, 2]"
"[78, 44, 3]"
"[78, 6, 4]"
"[78, 36, 5]"
"[78, 6]"
"[78, 48, 7]"
"[78, 9, 8]"
"[78, 9]"
"[78, 51, 10]"
"[78, 44, 11]"
"[78, 35, 7, 12]"
"[78, 51, 13]"
"[78, 75, 55, 14]"
"[78, 9, 15]"
"[78, 9, 16]"
"[78, 58, 17]"
"[78, 9, 18]"
"[78, 58, 19]"
"[78, 62, 20]"
"[78, 62, 21]"
"[78, 62, 22]"
"[78, 64, 23]"
"[78, 39, 24]"
"[78, 39, 25]"
"[78, 39, 26]"
"[78, 36, 40, 27]"
"[78, 39, 28]"
"[78, 39, 28, 29]"
"[78, 39, 28, 29, 30]"
"[78, 39, 36, 31]"
"[78, 39, 36, 32]"
"[78, 36, 33]"
"[78, 37, 34]"
"[78, 35]"
"[78, 36]"
"[78, 37]"
"[78, 38]"
"[78, 39]"
"[78, 37, 40]"
"[78, 41]"
"[78, 45, 42]"
"[78, 43]"
"[78, 44]"
"[78, 45]"
"[78, 46]"
"[78, 47]"
"[78, 48]"
"[78, 49]"
"[78, 50]"
"[78, 51]"
"[78, 44, 52]"
"[78, 76, 53]"
"[78, 51, 54]"
"[78, 75, 55]"
"[78, 56]"
"[78, 57]"
"[78, 58]"
"[78, 59]"
"[78, 58, 60]"
"[78, 62, 61]"
"[78, 62]"
"[78, 63]"
"[78, 64]"
"[78, 69, 65]"
"[78, 80, 66]"
"[78, 81, 67]"
"[78, 81, 68]"
"[78, 69]"
"[78, 70]"
"[78, 69, 71]"
"[78, 72]"
"[78, 73]"
"[78, 74]"
"[78, 75]"
"[78, 76]"
"[78, 77]"
"[78, 79]"
"[78, 80]"
"[78, 81]"
"[78, 82]"
"[79, 3, 0]"
"[79, 3, 0, 1]"
"[79, 3, 2]"
"[79, 3]"
"[79, 11, 3, 6, 4]"
"[79, 35, 5]"
"[79, 11, 7, 6]"
"[79, 7]"
"[79, 7, 8]"
"[79, 35, 9]"
"[79, 60, 10]"
"[79, 11]"
"[79, 12]"
"[79, 75, 51, 13]"
"[79, 55, 14]"
"[79, 37, 15]"
"[79, 37, 15, 16]"
"[79, 60, 17]"
"[79, 60, 18]"
"[79, 60, 19]"
"[79, 60, 20]"
"[79, 63, 21]"
"[79, 63, 22]"
"[79, 55, 64, 23]"
"[79, 82, 24]"
"[79, 82, 39, 25]"
"[79, 37, 40, 26]"
"[79, 38, 40, 27]"
"[79, 82, 28]"
"[79, 37, 29]"
"[79, 37, 30]"
"[79, 37, 29, 31]"
"[79, 37, 30, 31, 32]"
"[79, 37, 36, 33]"
"[79, 37, 34]"
"[79, 35]"
"[79, 37, 36]"
"[79, 37]"
"[79, 38]"
"[79, 37, 39]"
"[79, 37, 40]"
"[79, 41]"
"[79, 41, 42]"
"[79, 44, 43]"
"[79, 44]"
"[79, 41, 45]"
"[79, 50, 46]"
"[79, 52, 44, 47]"
"[79, 53, 48]"
"[79, 50, 49]"
"[79, 50]"
"[79, 60, 51]"
"[79, 52]"
"[79, 53]"
"[79, 75, 51, 54]"
"[79, 55]"
"[79, 50, 56]"
"[79, 50, 57]"
"[79, 60, 58]"
"[79, 60, 59]"
"[79, 60]"
"[79, 63, 61]"
"[79, 63, 62]"
"[79, 63]"
"[79, 63, 64]"
"[79, 70, 65]"
"[79, 80, 66]"
"[79, 81, 67]"
"[79, 81, 68]"
"[79, 70, 69]"
"[79, 70]"
"[79, 70, 71]"
"[79, 70, 72]"
"[79, 70, 73]"
"[79, 77, 74]"
"[79, 75]"
"[79, 76]"
"[79, 77]"
"[79, 78]"
"[79, 80]"
"[79, 81]"
"[79, 82]"
"[80, 79, 3, 0]"
"[80, 79, 3, 0, 1]"
"[80, 41, 44, 43, 3, 2]"
"[80, 41, 44, 3]"
"[80, 79, 11, 3, 6, 4]"
"[80, 39, 36, 5]"
"[80, 76, 6]"
"[80, 76, 7]"
"[80, 76, 9, 8]"
"[80, 39, 9]"
"[80, 60, 10]"
"[80, 79, 11]"
"[80, 76, 53, 12]"
"[80, 75, 51, 13]"
"[80, 55, 14]"
"[80, 39, 15]"
"[80, 39, 15, 16]"
"[80, 60, 17]"
"[80, 61, 18]"
"[80, 60, 19]"
"[80, 61, 20]"
"[80, 61, 21]"
"[80, 61, 22]"
"[80, 64, 23]"
"[80, 39, 24]"
"[80, 39, 25]"
"[80, 39, 26]"
"[80, 39, 27]"
"[80, 39, 28]"
"[80, 39, 28, 29]"
"[80, 39, 28, 29, 30]"
"[80, 39, 36, 31]"
"[80, 39, 36, 32]"
"[80, 39, 36, 33]"
"[80, 75, 34]"
"[80, 76, 35]"
"[80, 39, 36]"
"[80, 39, 37]"
"[80, 79, 38]"
"[80, 39]"
"[80, 39, 40]"
"[80, 41]"
"[80, 41, 42]"
"[80, 41, 44, 43]"
"[80, 41, 44]"
"[80, 41, 45]"
"[80, 74, 46]"
"[80, 41, 47]"
"[80, 76, 48]"
"[80, 56, 49]"
"[80, 56, 50]"
"[80, 60, 51]"
"[80, 41, 44, 52]"
"[80, 76, 53]"
"[80, 75, 51, 54]"
"[80, 55]"
"[80, 56]"
"[80, 56, 57]"
"[80, 58]"
"[80, 59]"
"[80, 60]"
"[80, 61]"
"[80, 62]"
"[80, 63]"
"[80, 64]"
"[80, 65]"
"[80, 66]"
"[80, 67]"
"[80, 68]"
"[80, 65, 69]"
"[80, 70]"
"[80, 70, 71]"
"[80, 72]"
"[80, 72, 73]"
"[80, 74]"
"[80, 75]"
"[80, 76]"
"[80, 77]"
"[80, 78]"
"[80, 79]"
"[80, 81]"
"[80, 82]"
"[81, 38, 0]"
"[81, 38, 0, 1]"
"[81, 44, 43, 3, 2]"
"[81, 44, 3]"
"[81, 38, 0, 4]"
"[81, 37, 5]"
"[81, 38, 11, 7, 6]"
"[81, 76, 7]"
"[81, 37, 8]"
"[81, 37, 9]"
"[81, 75, 51, 10]"
"[81, 44, 11]"
"[81, 76, 53, 12]"
"[81, 75, 51, 13]"
"[81, 75, 55, 14]"
"[81, 37, 15]"
"[81, 37, 15, 16]"
"[81, 62, 17]"
"[81, 62, 17, 18]"
"[81, 62, 19]"
"[81, 62, 20]"
"[81, 62, 21]"
"[81, 62, 22]"
"[81, 64, 23]"
"[81, 82, 24]"
"[81, 82, 39, 25]"
"[81, 37, 40, 26]"
"[81, 38, 40, 27]"
"[81, 82, 28]"
"[81, 37, 29]"
"[81, 37, 30]"
"[81, 37, 29, 31]"
"[81, 37, 30, 31, 32]"
"[81, 37, 36, 33]"
"[81, 37, 34]"
"[81, 38, 35]"
"[81, 37, 36]"
"[81, 37]"
"[81, 38]"
"[81, 37, 39]"
"[81, 37, 40]"
"[81, 41]"
"[81, 41, 42]"
"[81, 44, 43]"
"[81, 44]"
"[81, 41, 45]"
"[81, 74, 46]"
"[81, 41, 47]"
"[81, 76, 48]"
"[81, 76, 49]"
"[81, 74, 50]"
"[81, 75, 51]"
"[81, 44, 52]"
"[81, 76, 53]"
"[81, 75, 51, 54]"
"[81, 75, 55]"
"[81, 74, 56]"
"[81, 70, 57]"
"[81, 62, 58]"
"[81, 63, 59]"
"[81, 62, 60]"
"[81, 62, 61]"
"[81, 62]"
"[81, 63]"
"[81, 64]"
"[81, 65]"
"[81, 80, 66]"
"[81, 67]"
"[81, 68]"
"[81, 65, 69]"
"[81, 70]"
"[81, 70, 71]"
"[81, 72]"
"[81, 72, 73]"
"[81, 74]"
"[81, 75]"
"[81, 76]"
"[81, 77]"
"[81, 78]"
"[81, 79]"
"[81, 80]"
"[81, 82]"
"[82, 0]"
"[82, 1]"
"[82, 43, 3, 2]"
"[82, 44, 3]"
"[82, 4]"
"[82, 5]"
"[82, 6]"
"[82, 7]"
"[82, 8]"
"[82, 9]"
"[82, 10]"
"[82, 44, 11]"
"[82, 7, 12]"
"[82, 10, 13]"
"[82, 19, 14]"
"[82, 15]"
"[82, 16]"
"[82, 17]"
"[82, 18]"
"[82, 19]"
"[82, 20]"
"[82, 21]"
"[82, 22]"
"[82, 23]"
"[82, 24]"
"[82, 39, 25]"
"[82, 40, 26]"
"[82, 40, 27]"
"[82, 28]"
"[82, 29]"
"[82, 29, 30]"
"[82, 29, 31]"
"[82, 29, 31, 32]"
"[82, 36, 33]"
"[82, 34]"
"[82, 35]"
"[82, 36]"
"[82, 37]"
"[82, 38]"
"[82, 39]"
"[82, 40]"
"[82, 41]"
"[82, 42]"
"[82, 43]"
"[82, 44]"
"[82, 45]"
"[82, 46]"
"[82, 47]"
"[82, 48]"
"[82, 49]"
"[82, 50]"
"[82, 51]"
"[82, 44, 52]"
"[82, 76, 53]"
"[82, 51, 54]"
"[82, 60, 55]"
"[82, 56]"
"[82, 56, 57]"
"[82, 58]"
"[82, 59]"
"[82, 60]"
"[82, 61]"
"[82, 61, 62]"
"[82, 63]"
"[82, 64]"
"[82, 64, 65]"
"[82, 80, 66]"
"[82, 81, 67]"
"[82, 81, 68]"
"[82, 70, 69]"
"[82, 70]"
"[82, 70, 71]"
"[82, 72]"
"[82, 72, 73]"
"[82, 77, 74]"
"[82, 75]"
"[82, 76]"
"[82, 77]"
"[82, 78]"
"[82, 79]"
"[82, 80]"
"[82, 81]"
